tconst,titleType,primaryTitle,originalTitle,isAdult,startYear,endYear,runtimeMinutes,genres,averageRating,numVotes,clean_title
tt0000009,movie,Miss Jerry,Miss Jerry,0,1894,\N,45,Romance,5.3,235.0,miss jerry
tt0000147,movie,The Corbett-Fitzsimmons Fight,The Corbett-Fitzsimmons Fight,0,1897,\N,100,"Documentary,News,Sport",5.3,595.0,the corbettfitzsimmons fight
tt0000502,movie,Bohemios,Bohemios,0,1905,\N,100,\N,3.5,26.0,bohemios
tt0000574,movie,The Story of the Kelly Gang,The Story of the Kelly Gang,0,1906,\N,70,"Action,Adventure,Biography",6.0,1064.0,the story of the kelly gang
tt0000591,movie,The Prodigal Son,L'enfant prodigue,0,1907,\N,90,Drama,5.0,39.0,the prodigal son
tt0000615,movie,Robbery Under Arms,Robbery Under Arms,0,1907,\N,\N,Drama,3.6,33.0,robbery under arms
tt0000630,movie,Hamlet,Amleto,0,1908,\N,\N,Drama,3.2,40.0,hamlet
tt0000675,movie,Don Quijote,Don Quijote,0,1908,\N,\N,Drama,4.1,30.0,don quijote
tt0000679,movie,The Fairylogue and Radio-Plays,The Fairylogue and Radio-Plays,0,1908,\N,120,"Adventure,Fantasy",5.0,85.0,the fairylogue and radioplays
tt0000838,movie,A Cultura do Cacau,A Cultura do Cacau,0,1909,\N,\N,\N,2.8,18.0,a cultura do cacau
tt0000842,movie,De Garraf a Barcelona,De Garraf a Barcelona,0,1909,\N,\N,\N,4.1,19.0,de garraf a barcelona
tt0000846,movie,Un día en Xochimilco,Un día en Xochimilco,0,1909,\N,\N,\N,2.8,18.0,un día en xochimilco
tt0000850,movie,Los dos hermanos,Los dos hermanos,0,1909,\N,\N,\N,2.7,18.0,los dos hermanos
tt0000859,movie,Fabricación del corcho en Sant Feliu de Guixols,Fabricación del corcho en Sant Feliu de Guixols,0,1909,\N,\N,\N,2.6,19.0,fabricación del corcho en sant feliu de guixols
tt0000862,movie,Faldgruben,Faldgruben,0,1909,\N,\N,\N,3.6,23.0,faldgruben
tt0000867,movie,Fiesta de toros,Fiesta de toros,0,1909,\N,\N,\N,2.7,18.0,fiesta de toros
tt0000868,movie,Fiestas de Santa Lucía - Belenes,Fiestas de Santa Lucía - Belenes,0,1909,\N,\N,\N,3.0,17.0,fiestas de santa lucía  belenes
tt0000869,movie,Fiestas en La Garriga,Fiestas en La Garriga,0,1909,\N,\N,\N,3.0,17.0,fiestas en la garriga
tt0000879,movie,Gira política de Madero y Pino Suárez,Gira política de Madero y Pino Suárez,0,1909,\N,\N,\N,2.2,17.0,gira política de madero y pino suárez
tt0000886,movie,"Hamlet, Prince of Denmark",Hamlet,0,1910,\N,\N,Drama,4.1,48.0,hamlet prince of denmark
tt0000941,movie,Locura de amor,Locura de amor,0,1909,\N,45,Drama,4.3,39.0,locura de amor
tt0000947,movie,Lægens offer,Lægens offer,0,1909,\N,\N,\N,3.1,17.0,lægens offer
tt0000959,movie,Melilla y el Gurugu,Melilla y el Gurugu,0,1909,\N,\N,\N,3.8,18.0,melilla y el gurugu
tt0000984,movie,Niños en la alameda,Niños en la alameda,0,1909,\N,\N,\N,3.7,17.0,niños en la alameda
tt0001007,movie,La primera y segunda casetas,La primera y segunda casetas,0,1909,\N,\N,\N,3.6,17.0,la primera y segunda casetas
tt0001010,movie,Protección de un convoy de víveres en el puente de camellos,Protección de un convoy de víveres en el puente de camellos,0,1909,\N,\N,\N,3.6,21.0,protección de un convoy de víveres en el puente de camellos
tt0001028,movie,Salome Mad,Salome Mad,0,1909,\N,\N,Comedy,3.8,28.0,salome mad
tt0001038,movie,Sherlock Holmes VI,Sherlock Holmes VI,0,1910,\N,\N,\N,2.7,28.0,sherlock holmes vi
tt0001043,movie,Smith's Knockabout Theatre,Smith's Knockabout Theatre,0,1909,\N,\N,\N,3.0,18.0,smiths knockabout theatre
tt0001049,movie,Gøngehøvdingen,Gøngehøvdingen,0,1909,\N,\N,"Drama,War",4.2,25.0,gøngehøvdingen
tt0001051,movie,El sueño milagroso,El sueño milagroso,0,1909,\N,\N,\N,3.4,17.0,el sueño milagroso
tt0001059,movie,O Terremoto de Benavente,O Terremoto de Benavente,0,1909,\N,\N,Documentary,,,o terremoto de benavente
tt0001069,movie,Toma del Gurugu,Toma del Gurugu,0,1909,\N,\N,\N,3.6,16.0,toma del gurugu
tt0001080,movie,Two of the Boys,Two of the Boys,0,1909,\N,\N,\N,3.0,15.0,two of the boys
tt0001081,movie,La vida en el campamento,La vida en el campamento,0,1909,\N,\N,\N,3.3,15.0,la vida en el campamento
tt0001082,movie,Viernes de dolores,Viernes de dolores,0,1909,\N,\N,\N,3.2,17.0,viernes de dolores
tt0001101,movie,Abraham Lincoln's Clemency,Abraham Lincoln's Clemency,0,1910,\N,\N,\N,4.6,44.0,abraham lincolns clemency
tt0001109,movie,L'aluminite,L'aluminite,0,1910,\N,\N,\N,4.6,17.0,laluminite
tt0001112,movie,Hamlet,Amleto,0,1910,\N,\N,Drama,3.8,64.0,hamlet
tt0001113,movie,Amor gitano,Amor gitano,0,1910,\N,\N,\N,4.5,22.0,amor gitano
tt0001115,movie,Ansigttyven I,Ansigttyven I,0,1910,\N,\N,Crime,3.9,29.0,ansigttyven i
tt0001116,movie,Ansigttyven II,Ansigttyven II,0,1910,\N,\N,\N,3.9,22.0,ansigttyven ii
tt0001122,movie,The Red Inn,L'auberge rouge,0,1910,\N,\N,\N,4.4,24.0,the red inn
tt0001141,movie,The Butterfly,The Butterfly,0,1910,\N,\N,\N,,,the butterfly
tt0001142,movie,By Order of Napoleon,By Order of Napoleon,0,1910,\N,\N,\N,4.2,14.0,by order of napoleon
tt0001147,movie,O Centenário da Guerra Peninsular,O Centenário da Guerra Peninsular,0,1910,\N,\N,Documentary,,,o centenário da guerra peninsular
tt0001159,movie,The Connecticut Yankee,The Connecticut Yankee,0,1910,\N,\N,\N,5.2,33.0,the connecticut yankee
tt0001163,movie,Corrida da Rampa,Corrida da Rampa,0,1910,\N,\N,Documentary,,,corrida da rampa
tt0001175,movie,Camille,La dame aux camélias,0,1912,\N,\N,"Drama,Romance",5.4,52.0,camille
tt0001179,movie,Desfile histórico del centenario,Desfile histórico del centenario,0,1910,\N,\N,\N,,,desfile histórico del centenario
tt0001184,movie,Don Juan de Serrallonga,Don Juan de Serrallonga,0,1910,\N,58,"Adventure,Drama",3.2,28.0,don juan de serrallonga
tt0001203,movie,Excursión al Gombreny,Excursión al Gombreny,0,1910,\N,\N,\N,4.6,15.0,excursión al gombreny
tt0001230,movie,Gentleman Joe,Gentleman Joe,0,1910,\N,\N,\N,4.9,35.0,gentleman joe
tt0001240,movie,Hamlet,Hamlet,0,1911,\N,\N,Drama,3.8,27.0,hamlet
tt0001247,movie,His Brother's Wife,His Brother's Wife,0,1910,\N,\N,\N,3.5,15.0,his brothers wife
tt0001277,movie,Kapergasten,Kapergasten,0,1910,\N,\N,Drama,4.1,31.0,kapergasten
tt0001285,movie,The Life of Moses,The Life of Moses,0,1909,\N,50,"Biography,Drama,Family",5.1,85.0,the life of moses
tt0001338,movie,A Night in May,"Maiskaya noch, ili utoplennitsa",0,1910,\N,\N,Drama,4.8,21.0,a night in may
tt0001341,movie,Jarní sen starého mládence,Jarní sen starého mládence,0,1913,\N,\N,Comedy,,,jarní sen starého mládence
tt0001348,movie,Orientalsk dans,Orientalsk dans,0,1910,\N,\N,\N,4.1,15.0,orientalsk dans
tt0001359,movie,A Pesca do Bacalhau,A Pesca do Bacalhau,0,1910,\N,\N,Documentary,,,a pesca do bacalhau
tt0001364,movie,El pobre Valbuena,El pobre Valbuena,0,1910,\N,\N,\N,5.3,15.0,el pobre valbuena
tt0001366,movie,Un portero modelo,Un portero modelo,0,1910,\N,\N,\N,5.0,15.0,un portero modelo
tt0001370,movie,Rainha Depois de Morta Inês de Castro,Rainha Depois de Morta Inês de Castro,0,1910,\N,\N,"Drama,History",4.5,29.0,rainha depois de morta inês de castro
tt0001379,movie,A Record Hustle Through Foggy London,A Record Hustle Through Foggy London,0,1910,\N,\N,\N,3.7,16.0,a record hustle through foggy london
tt0001382,movie,Revolução de 5 de Outubro,Revolução de 5 de Outubro,0,1910,\N,\N,Documentary,,,revolução de 5 de outubro
tt0001386,movie,Le roi des parfums,Le roi des parfums,0,1910,\N,\N,\N,4.3,22.0,le roi des parfums
tt0001422,movie,Trail to the West,Trail to the West,0,1910,\N,\N,\N,,,trail to the west
tt0001440,movie,Valdemar Sejr,Valdemar Sejr,0,1910,\N,\N,"Drama,History",3.7,32.0,valdemar sejr
tt0001465,movie,As Últimas Inundações do Tejo em Santarém,As Últimas Inundações do Tejo em Santarém,0,1910,\N,\N,\N,4.3,14.0,as últimas inundações do tejo em santarém
tt0001475,movie,Amor fatal,Amor fatal,0,1911,\N,\N,"Drama,Romance",7.6,26.0,amor fatal
tt0001495,movie,A Balkan Episode,A Balkan Episode,0,1911,\N,\N,\N,4.2,11.0,a balkan episode
tt0001498,movie,The Battle of Trafalgar,The Battle of Trafalgar,0,1911,\N,51,War,7.6,22.0,the battle of trafalgar
tt0001515,movie,The Brand,The Brand,0,1911,\N,\N,\N,,,the brand
tt0001530,movie,The Bushranger's Bride,"Captain Midnight, the Bush King",0,1911,\N,\N,Drama,5.8,25.0,the bushrangers bride
tt0001531,movie,"Captain Starlight, or Gentleman of the Road","Captain Starlight, or Gentleman of the Road",0,1911,\N,\N,\N,4.3,20.0,captain starlight or gentleman of the road
tt0001555,movie,Cortejo Cívico,Cortejo Cívico,0,1911,\N,\N,\N,,,cortejo cívico
tt0001586,movie,A Dog's Tale,A Dog's Tale,0,1911,\N,\N,\N,4.2,23.0,a dogs tale
tt0001592,movie,In the Prime of Life,Ekspeditricen,0,1911,\N,52,Drama,5.8,42.0,in the prime of life
tt0001602,movie,El fantasma del castillo,El fantasma del castillo,0,1911,\N,\N,\N,3.9,11.0,el fantasma del castillo
tt0001603,movie,Den farlige leg,Den farlige leg,0,1911,\N,\N,Drama,,,den farlige leg
tt0001604,movie,The Fatal Wedding,The Fatal Wedding,0,1911,\N,\N,Drama,3.6,10.0,the fatal wedding
tt0001628,movie,The Four Poster Pest,The Four Poster Pest,0,1911,\N,\N,\N,,,the four poster pest
tt0001630,movie,Der fremde Vogel,Der fremde Vogel,0,1911,\N,45,\N,6.2,63.0,der fremde vogel
tt0001648,movie,The Golden West,The Golden West,0,1911,\N,\N,\N,4.2,10.0,the golden west
tt0001706,movie,The Infant at Snakeville,The Infant at Snakeville,0,1911,\N,\N,\N,4.3,21.0,the infant at snakeville
tt0001711,movie,Jahreszeiten des Lebens,Jahreszeiten des Lebens,0,1915,\N,\N,\N,,,jahreszeiten des lebens
tt0001712,movie,Jane Shore,Jane Shore,0,1911,\N,\N,\N,4.7,10.0,jane shore
tt0001716,movie,Julius Caesar's Sandals,Julius Caesar's Sandals,0,1911,\N,\N,\N,,,julius caesars sandals
tt0001731,movie,The Convict Hero,The Life of Rufus Dawes,0,1911,\N,\N,Drama,,,the convict hero
tt0001756,movie,Lucha por la herencia,Lucha por la herencia,0,1911,\N,92,\N,4.8,9.0,lucha por la herencia
tt0001764,movie,Madero al sur del país,Madero al sur del país,0,1911,\N,\N,\N,,,madero al sur del país
tt0001778,movie,Menneskedyret,Menneskedyret,0,1911,\N,\N,\N,4.0,9.0,menneskedyret
tt0001785,movie,The Miner's Curse,The Miner's Curse,0,1911,\N,\N,Drama,,,the miners curse
tt0001790,movie,"Les Misérables, Part 1: Jean Valjean",Les misérables - Époque 1: Jean Valjean,0,1913,\N,60,Drama,6.0,67.0,les misérables part 1 jean valjean
tt0001803,movie,The Mystery of a Hansom Cab,The Mystery of a Hansom Cab,0,1911,\N,\N,\N,3.0,16.0,the mystery of a hansom cab
tt0001812,movie,Oedipus Rex,Oedipus Rex,0,1911,\N,56,Drama,5.6,18.0,oedipus rex
tt0001889,movie,Skæbnebæltet,Skæbnebæltet,0,1911,\N,\N,\N,4.1,19.0,skæbnebæltet
tt0001892,movie,Den sorte drøm,Den sorte drøm,0,1911,\N,53,Drama,5.9,291.0,den sorte drøm
tt0001895,movie,Sport Hípico,Sport Hípico,0,1911,\N,\N,Documentary,,,sport hípico
tt0001911,movie,Nell Gwynne,Sweet Nell of Old Drury,0,1911,\N,50,"Biography,Drama,History",3.7,29.0,nell gwynne
tt0001914,movie,The Devil's Assistant,Die Sünden der Väter,0,1913,\N,\N,Drama,,,the devils assistant
tt0001920,movie,Temblor de 1911 en México,Temblor de 1911 en México,0,1911,\N,\N,\N,,,temblor de 1911 en méxico
tt0001964,movie,The Traitress,Die Verräterin,0,1911,\N,48,Drama,5.7,124.0,the traitress
tt0001965,movie,Vicio y virtud,Vicio y virtud,0,1911,\N,\N,\N,,,vicio y virtud
tt0001992,movie,Zwei Frauen,Zwei Frauen,0,1911,\N,\N,\N,6.0,11.0,zwei frauen
tt0001993,movie,L'électrocuté,L'électrocuté,0,1911,\N,\N,Sci-Fi,4.1,23.0,lélectrocuté
tt0001998,movie,The Adventures of Lieutenant Petrosino,The Adventures of Lieutenant Petrosino,0,1912,\N,47,Drama,4.7,53.0,the adventures of lieutenant petrosino
tt0002001,movie,The Alaska-Siberian Expedition,The Alaska-Siberian Expedition,0,1912,\N,\N,Documentary,,,the alaskasiberian expedition
tt0002019,movie,Amor de bestia,Amor de bestia,0,1912,\N,\N,\N,,,amor de bestia
tt0002020,movie,Queen Elizabeth,Les amours de la reine Élisabeth,0,1912,\N,53,"Biography,Drama,History",4.7,188.0,queen elizabeth
tt0002022,movie,Anfisa,Anfisa,0,1912,\N,45,Drama,6.0,16.0,anfisa
tt0002026,movie,Anny - Story of a Prostitute,Anny - en gatepiges roman,0,1912,\N,68,"Drama,Romance",4.6,19.0,anny  story of a prostitute
tt0002031,movie,As You Like It,As You Like It,0,1912,\N,\N,\N,4.9,26.0,as you like it
tt0002039,movie,Atop of the World in Motion,Atop of the World in Motion,0,1912,\N,\N,Documentary,,,atop of the world in motion
tt0002044,movie,Le bagnard,Le bagnard,0,1912,\N,\N,\N,,,le bagnard
tt0002046,movie,La Barrera número 13,La Barrera número 13,0,1913,\N,\N,\N,4.6,16.0,la barrera número 13
tt0002047,movie,A Batalha,A Batalha,0,1912,\N,\N,Documentary,,,a batalha
tt0002088,movie,Carlota Angela,Carlota Angela,0,1912,\N,\N,\N,,,carlota angela
tt0002089,movie,Carmen,Carmen,0,1912,\N,\N,\N,,,carmen
tt0002094,movie,Charles IV,Charles IV,0,1912,\N,50,\N,6.0,11.0,charles iv
tt0002101,movie,Cleopatra,Cleopatra,0,1912,\N,100,"Drama,History",5.2,668.0,cleopatra
tt0002102,movie,The Clod,The Clod,0,1912,\N,\N,\N,,,the clod
tt0002109,movie,The Colonel's Son,The Colonel's Son,0,1912,\N,\N,\N,,,the colonels son
tt0002112,movie,Concurso Hípico no Porto,Concurso Hípico no Porto,0,1912,\N,\N,Documentary,,,concurso hípico no porto
tt0002115,movie,La conspiration des drapeaux,La conspiration des drapeaux,0,1912,\N,\N,\N,,,la conspiration des drapeaux
tt0002119,movie,The Crime and the Criminal,The Crime and the Criminal,0,1912,\N,\N,\N,,,the crime and the criminal
tt0002130,movie,Dante's Inferno,L'inferno,0,1911,\N,71,"Adventure,Drama,Fantasy",7.0,4064.0,dantes inferno
tt0002131,movie,A Dança dos Apaches,A Dança dos Apaches,0,1912,\N,\N,\N,,,a dança dos apaches
tt0002140,movie,Do Men Love Women?,Do Men Love Women?,0,1912,\N,\N,\N,,,do men love women
tt0002153,movie,The Great Circus Catastrophe,Dødsspring til hest fra cirkuskuplen,0,1912,\N,45,Drama,5.9,93.0,the great circus catastrophe
tt0002156,movie,Eclipse de sol,Eclipse de sol,0,1912,\N,\N,\N,,,eclipse de sol
tt0002157,movie,Der Eid des Stephan Huller,Der Eid des Stephan Huller,0,1912,\N,\N,\N,,,der eid des stephan huller
tt0002161,movie,Episódios da Terrível Explosão de Bombas no Porto,Episódios da Terrível Explosão de Bombas no Porto,0,1912,\N,\N,Documentary,,,episódios da terrível explosão de bombas no porto
tt0002163,movie,Eva,Eva,0,1913,\N,\N,Drama,6.8,13.0,eva
tt0002165,movie,Excursión a San Lorenzo de Munt,Excursión a San Lorenzo de Munt,0,1912,\N,\N,\N,4.6,9.0,excursión a san lorenzo de munt
tt0002186,movie,The Flying Circus,Den flyvende cirkus,0,1912,\N,46,Drama,6.5,165.0,the flying circus
tt0002188,movie,For Freedom of Cuba,For Freedom of Cuba,0,1912,\N,\N,\N,,,for freedom of cuba
tt0002199,movie,From the Manger to the Cross,From the Manger to the Cross,0,1912,\N,71,"Biography,Drama",5.9,704.0,from the manger to the cross
tt0002211,movie,Den glade løjtnant,Den glade løjtnant,0,1912,\N,\N,Romance,5.0,20.0,den glade løjtnant
tt0002220,movie,Grannie,Grannie,0,1912,\N,\N,\N,4.2,49.0,grannie
tt0002239,movie,Her Own Money,Her Own Money,0,1914,\N,\N,\N,,,her own money
tt0002242,movie,Herod,Herod,0,1912,\N,\N,\N,,,herod
tt0002262,movie,Il y a des pieds au plafond,Il y a des pieds au plafond,0,1912,\N,\N,\N,5.3,16.0,il y a des pieds au plafond
tt0002276,movie,De industrieel van Pont Avesnes,De industrieel van Pont Avesnes,0,1912,\N,\N,\N,,,de industrieel van pont avesnes
tt0002286,movie,Judith,Judith,0,1912,\N,\N,\N,4.3,10.0,judith
tt0002301,movie,Leiria,Leiria,0,1912,\N,\N,Documentary,,,leiria
tt0002305,movie,Life of Villa,Life of Villa,0,1912,\N,\N,"Documentary,War",7.6,36.0,life of villa
tt0002315,movie,El lobo de la sierra,El lobo de la sierra,0,1912,\N,76,\N,,,el lobo de la sierra
tt0002328,movie,The Lust for Gold,The Lust for Gold,0,1912,\N,\N,\N,,,the lust for gold
tt0002333,movie,The Might of Gold,Die Macht des Goldes,0,1912,\N,\N,\N,,,the might of gold
tt0002335,movie,Magda,Magda,0,1912,\N,\N,\N,,,magda
tt0002337,movie,The Mail Order Wife,The Mail Order Wife,0,1912,\N,\N,\N,5.2,19.0,the mail order wife
tt0002345,movie,Marocco en het Vreemdelingenlegioen,Marocco en het Vreemdelingenlegioen,0,1912,\N,\N,\N,,,marocco en het vreemdelingenlegioen
tt0002348,movie,Maskierte Liebe,Maskierte Liebe,0,1912,\N,\N,\N,6.2,10.0,maskierte liebe
tt0002361,movie,The Midnight Wedding,The Midnight Wedding,0,1912,\N,\N,Drama,,,the midnight wedding
tt0002362,movie,The Mighty Dollar,The Mighty Dollar,0,1912,\N,\N,\N,4.0,11.0,the mighty dollar
tt0002375,movie,La mort du duc d'Enghien,La mort du duc d'Enghien,0,1912,\N,\N,\N,5.6,16.0,la mort du duc denghien
tt0002395,movie,Le nègre blanc,Le nègre blanc,0,1912,\N,\N,\N,4.9,16.0,le nègre blanc
tt0002405,movie,Oliver Twist,Oliver Twist,0,1912,\N,\N,Drama,5.1,48.0,oliver twist
tt0002406,movie,Oliver Twist,Oliver Twist,0,1912,\N,\N,Drama,4.6,30.0,oliver twist
tt0002410,movie,Only a Woman,Only a Woman,0,1912,\N,\N,\N,,,only a woman
tt0002423,movie,Passion,Madame DuBarry,0,1919,\N,113,"Biography,Drama,Romance",6.7,1123.0,passion
tt0002425,movie,Paul J. Rainey's African Hunt,Paul J. Rainey's African Hunt,0,1912,\N,60,Documentary,,,paul j raineys african hunt
tt0002431,movie,La pierre philosophe,La pierre philosophe,0,1912,\N,\N,\N,5.2,16.0,la pierre philosophe
tt0002432,movie,Los Pirineos de Port-Bou a Andorra,Los Pirineos de Port-Bou a Andorra,0,1912,\N,58,\N,,,los pirineos de portbou a andorra
tt0002438,movie,The Prodigal Daughter,The Prodigal Daughter,0,1912,\N,\N,\N,,,the prodigal daughter
tt0002439,movie,The Prodigal Son,The Prodigal Son,0,1913,\N,\N,\N,,,the prodigal son
tt0002445,movie,Quo Vadis?,Quo Vadis?,0,1913,\N,120,"Drama,History",6.1,524.0,quo vadis
tt0002446,movie,Race for a Life,Race for a Life,0,1912,\N,\N,\N,,,race for a life
tt0002452,movie,The Independence of Romania,Independenta Romaniei,0,1912,\N,120,"History,War",6.3,287.0,the independence of romania
tt0002458,movie,Orozquista Revolution,Revolución orozquista,0,1912,\N,\N,\N,,,orozquista revolution
tt0002461,movie,The Life and Death of King Richard III,Richard III,0,1912,\N,55,Drama,5.7,355.0,the life and death of king richard iii
tt0002467,movie,"Romani, the Brigand","Romani, the Brigand",0,1912,\N,\N,\N,,,romani the brigand
tt0002479,movie,Seal Hunting in Newfoundland,Seal Hunting in Newfoundland,0,1912,\N,\N,Documentary,,,seal hunting in newfoundland
tt0002491,movie,The Sin of a Woman,The Sin of a Woman,0,1912,\N,\N,\N,,,the sin of a woman
tt0002500,movie,The Black Chancellor,Den sorte kansler,0,1912,\N,48,Drama,5.9,38.0,the black chancellor
tt0002514,movie,Saved in Mid-Air,De svarta maskerna,0,1912,\N,60,Drama,4.9,23.0,saved in midair
tt0002517,movie,Talma,Talma,0,1912,\N,\N,\N,,,talma
tt0002525,movie,The Tide of Death,The Tide of Death,0,1912,\N,\N,\N,,,the tide of death
tt0002555,movie,The Last Bohemian,Az utolsó bohém,0,1913,\N,\N,"Drama,Romance",4.6,56.0,the last bohemian
tt0002556,movie,Vampyrdanserinden,Vampyrdanserinden,0,1912,\N,\N,\N,5.6,41.0,vampyrdanserinden
tt0002559,movie,Verkannt,Verkannt,0,1912,\N,\N,\N,5.0,11.0,verkannt
tt0002572,movie,Wenn die Maske fällt,Wenn die Maske fällt,0,1912,\N,\N,\N,,,wenn die maske fällt
tt0002574,movie,What Happened to Mary,What Happened to Mary,0,1912,\N,150,"Action,Drama,Thriller",5.8,45.0,what happened to mary
tt0002588,movie,Zigomar contre Nick Carter,Zigomar contre Nick Carter,0,1912,\N,48,"Crime,Thriller",5.9,64.0,zigomar contre nick carter
tt0002589,movie,Zona de Incursões em Chaves,Zona de Incursões em Chaves,0,1912,\N,\N,\N,,,zona de incursões em chaves
tt0002590,movie,Zu Tode gehetzt,Zu Tode gehetzt,0,1912,\N,\N,\N,,,zu tode gehetzt
tt0002591,movie,Zu spät,Zu spät,0,1913,\N,\N,\N,6.6,12.0,zu spät
tt0002594,movie,'Neath Austral Skies,'Neath Austral Skies,0,1913,\N,\N,\N,6.6,8.0,neath austral skies
tt0002595,movie,...denn alle Schuld rächt sich auf Erden,...denn alle Schuld rächt sich auf Erden,0,1913,\N,\N,\N,,,denn alle schuld rächt sich auf erden
tt0002605,movie,The Adventures of Kathlyn,The Adventures of Kathlyn,0,1913,\N,300,Adventure,5.4,52.0,the adventures of kathlyn
tt0002624,movie,El amigo del alma,El amigo del alma,0,1913,\N,\N,\N,,,el amigo del alma
tt0002625,movie,Ana Kadova,Ana Kadova,0,1913,\N,92,\N,,,ana kadova
tt0002628,movie,Der Andere,Der Andere,0,1913,\N,48,"Drama,Thriller",5.3,140.0,der andere
tt0002637,movie,Arizona,Arizona,0,1913,\N,45,"Drama,Western",7.0,23.0,arizona
tt0002642,movie,The Heir to Skjoldborg,Arvingen til Skjoldborg,0,1914,\N,50,Drama,5.7,14.0,the heir to skjoldborg
tt0002646,movie,Atlantis,Atlantis,0,1913,\N,121,Drama,6.5,523.0,atlantis
tt0002648,movie,Old Brandis' Eyes,Die Augen des Ole Brandis,0,1913,\N,\N,"Drama,Fantasy",6.7,14.0,old brandis eyes
tt0002649,movie,Australia Calls,Australia Calls,0,1913,\N,\N,\N,,,australia calls
tt0002660,movie,Barbarous Mexico,Barbarous Mexico,0,1913,\N,\N,Documentary,,,barbarous mexico
tt0002661,movie,Barcelona bajo la nieve,Barcelona bajo la nieve,0,1913,\N,\N,\N,,,barcelona bajo la nieve
tt0002665,movie,The Bartered Bride,The Bartered Bride,0,1913,\N,\N,\N,,,the bartered bride
tt0002669,movie,The Battle of Gettysburg,The Battle of Gettysburg,0,1913,\N,48,"Drama,War",6.7,45.0,the battle of gettysburg
tt0002670,movie,The Battle of Shiloh,The Battle of Shiloh,0,1913,\N,\N,"Drama,History,War",,,the battle of shiloh
tt0002676,movie,El bello Arturo,El bello Arturo,0,1913,\N,\N,Comedy,,,el bello arturo
tt0002679,movie,Bianco contro negro,Bianco contro negro,0,1913,\N,\N,\N,,,bianco contro negro
tt0002685,movie,Blodets röst,Blodets röst,0,1913,\N,89,Drama,5.8,12.0,blodets röst
tt0002722,movie,Buch i Trøjen,Buch i Trøjen,0,1913,\N,\N,\N,,,buch i trøjen
tt0002725,movie,Buried Alive in a Coal Mine,Buried Alive in a Coal Mine,0,1913,\N,\N,Drama,,,buried alive in a coal mine
tt0002727,movie,Bøffen og bananen,Bøffen og bananen,0,1913,\N,\N,\N,,,bøffen og bananen
tt0002735,movie,Le camée,Le camée,0,1913,\N,\N,\N,,,le camée
tt0002739,movie,Carmen,Carmen,0,1914,\N,\N,\N,3.0,16.0,carmen
tt0002743,movie,El Caín moderno,El Caín moderno,0,1913,\N,48,\N,,,el caín moderno
tt0002746,movie,Checkers,Checkers,0,1913,\N,\N,"Comedy,Drama",5.0,18.0,checkers
tt0002751,movie,A Chopin Nocturne,Noktyurn Chopyena,0,1913,\N,\N,Drama,,,a chopin nocturne
tt0002763,movie,Corazón de presidiario,Corazón de presidiario,0,1913,\N,\N,\N,,,corazón de presidiario
tt0002764,movie,Corrida de feria de las fiestas del Pilar,Corrida de feria de las fiestas del Pilar,0,1913,\N,\N,\N,,,corrida de feria de las fiestas del pilar
tt0002765,movie,Corrida de toros en Calatayud,Corrida de toros en Calatayud,0,1913,\N,\N,\N,,,corrida de toros en calatayud
tt0002767,movie,The Count of Monte Cristo,The Count of Monte Cristo,0,1913,\N,69,"Drama,History",5.7,78.0,the count of monte cristo
tt0002771,movie,El crimen del otro,El crimen del otro,0,1913,\N,\N,\N,,,el crimen del otro
tt0002772,movie,The Criminal Path,The Criminal Path,0,1914,\N,\N,"Crime,Drama",,,the criminal path
tt0002785,movie,La dame de Monsoreau,La dame de Monsoreau,0,1913,\N,\N,\N,5.6,13.0,la dame de monsoreau
tt0002790,movie,De muerte a vida,De muerte a vida,0,1913,\N,\N,\N,,,de muerte a vida
tt0002798,movie,Le dernier pardon,Le dernier pardon,0,1913,\N,\N,Comedy,,,le dernier pardon
tt0002799,movie,Desastre do Monoplano Gnome na Amadora,Desastre do Monoplano Gnome na Amadora,0,1913,\N,\N,Documentary,6.6,5.0,desastre do monoplano gnome na amadora
tt0002801,movie,The Black Diamond,Le diamant noir,0,1913,\N,50,\N,5.6,38.0,the black diamond
tt0002820,movie,East Lynne,East Lynne,0,1913,\N,69,Drama,6.2,22.0,east lynne
tt0002822,movie,What 80 Million Women Want,What 80 Million Women Want,0,1913,\N,56,"Crime,Drama,Romance",4.0,60.0,what 80 million women want
tt0002823,movie,Die Eisbraut,Die Eisbraut,0,1913,\N,\N,\N,,,die eisbraut
tt0002832,movie,Evangeline,Evangeline,0,1914,\N,50,Drama,6.9,29.0,evangeline
tt0002833,movie,Evinrude,Evinrude,0,1913,\N,\N,"Crime,Drama",,,evinrude
tt0002844,movie,Fantômas: In the Shadow of the Guillotine,Fantômas I: À l'ombre de la guillotine,0,1913,\N,54,"Crime,Drama",6.9,2713.0,fantômas in the shadow of the guillotine
tt0002857,movie,Uma Ferra em Salvaterra de Magos,Uma Ferra em Salvaterra de Magos,0,1913,\N,\N,Documentary,,,uma ferra em salvaterra de magos
tt0002858,movie,Fiestas en Palafrugell,Fiestas en Palafrugell,0,1913,\N,\N,\N,,,fiestas en palafrugell
tt0002859,movie,The Fight for Millions,The Fight for Millions,0,1913,\N,\N,Drama,,,the fight for millions
tt0002880,movie,The Four Devils,Chetyre chyorta,0,1913,\N,\N,\N,6.8,9.0,the four devils
tt0002883,movie,Les frères ennemis,Les frères ennemis,0,1913,\N,\N,\N,,,les frères ennemis
tt0002885,movie,From Dusk to Dawn,From Dusk to Dawn,0,1913,\N,90,Drama,5.9,119.0,from dusk to dawn
tt0002886,movie,La fuerza del destino,La fuerza del destino,0,1913,\N,\N,\N,,,la fuerza del destino
tt0002888,movie,Fulano de Tal se enamora de Manón,Fulano de Tal se enamora de Manón,0,1916,\N,\N,Comedy,,,fulano de tal se enamora de manón
tt0002898,movie,"Germinal; or, The Toll of Labor",Germinal,0,1913,\N,150,Drama,7.0,197.0,germinal or the toll of labor
tt0002901,movie,The Girl of the Sunny South,The Girl of the Sunny South,0,1913,\N,\N,Drama,,,the girl of the sunny south
tt0002916,movie,Die große Sünderin,Die große Sünderin,0,1914,\N,\N,\N,,,die große sünderin
tt0002917,movie,Brother Against Brother,Gränsfolken,0,1913,\N,51,Drama,5.7,52.0,brother against brother
tt0002922,movie,Hamlet,Hamlet,0,1913,\N,64,Drama,4.8,92.0,hamlet
tt0002928,movie,Hasard,Hasard,0,1913,\N,\N,\N,,,hasard
tt0002953,movie,"Herrerín y Ballesteros, en Alagón","Herrerín y Ballesteros, en Alagón",0,1913,\N,\N,\N,,,herrerín y ballesteros en alagón
tt0002958,movie,El hijo del mar,El hijo del mar,0,1913,\N,\N,\N,6.0,7.0,el hijo del mar
tt0002973,movie,Dr. Mawson in the Antarctic,Dr. Mawson in the Antarctic,0,1913,\N,68,Documentary,5.8,35.0,dr mawson in the antarctic
tt0002975,movie,L'homme qui assassina,L'homme qui assassina,0,1913,\N,\N,\N,,,lhomme qui assassina
tt0002977,movie,Za chest' russkogo znameni,Za chest' russkogo znameni,0,1913,\N,\N,Drama,,,za chest russkogo znameni
tt0002978,movie,Hoodman Blind,Hoodman Blind,0,1913,\N,50,Drama,,,hoodman blind
tt0002987,movie,"How Fine, How Fresh the Roses Were","Kak khoroshi, kak svezhi byli rozy",0,1913,\N,\N,Romance,,,how fine how fresh the roses were
tt0002996,movie,My Husband's Getting Married,Házasodik az uram,0,1913,\N,\N,Comedy,3.6,40.0,my husbands getting married
tt0003002,movie,The Firefly,Ildfluen,0,1913,\N,47,Drama,5.6,33.0,the firefly
tt0003006,movie,In the Bishop's Carriage,In the Bishop's Carriage,0,1913,\N,50,"Crime,Drama",5.7,33.0,in the bishops carriage
tt0003008,movie,In the Stretch,In the Stretch,0,1913,\N,\N,Drama,,,in the stretch
tt0003010,movie,"Incendio en el barrio de Montemolín, Zaragoza","Incendio en el barrio de Montemolín, Zaragoza",0,1913,\N,\N,\N,4.3,10.0,incendio en el barrio de montemolín zaragoza
tt0003014,movie,Ingeborg Holm,Ingeborg Holm,0,1913,\N,96,Drama,7.0,1594.0,ingeborg holm
tt0003015,movie,Die Insel der Seligen,Die Insel der Seligen,0,1913,\N,49,"Comedy,Fantasy",4.6,80.0,die insel der seligen
tt0003022,movie,Ivanhoe,Ivanhoe,0,1913,\N,53,"Adventure,Drama,Romance",5.7,124.0,ivanhoe
tt0003024,movie,Jack London's Adventures in the South Sea Islands,Jack London's Adventures in the South Sea Islands,0,1913,\N,\N,Documentary,,,jack londons adventures in the south sea islands
tt0003037,movie,Fantomas: The Man in Black,Fantômas II: Juve contre Fantômas,0,1913,\N,61,"Crime,Drama",6.9,1842.0,fantomas the man in black
tt0003039,movie,The Keys to Happiness,Klyuchi schastya,0,1913,\N,\N,Drama,5.8,11.0,the keys to happiness
tt0003042,movie,Kleiner Svend und seine Mutter,Kleiner Svend und seine Mutter,0,1913,\N,\N,Drama,,,kleiner svend und seine mutter
tt0003048,movie,A Lady of Quality,A Lady of Quality,0,1913,\N,50,Drama,,,a lady of quality
tt0003051,movie,Die Landstraße,Die Landstraße,0,1913,\N,\N,\N,,,die landstraße
tt0003053,movie,Laura y sus pretendientes,Laura y sus pretendientes,0,1913,\N,\N,\N,,,laura y sus pretendientes
tt0003056,movie,Leah Kleschna,Leah Kleschna,0,1913,\N,\N,"Crime,Drama",,,leah kleschna
tt0003058,movie,The Legend of Provence,The Legend of Provence,0,1913,\N,\N,Drama,,,the legend of provence
tt0003070,movie,The Lipton Cup: Introducing Sir Thomas Lipton,The Lipton Cup: Introducing Sir Thomas Lipton,0,1913,\N,\N,"Drama,Sport",,,the lipton cup introducing sir thomas lipton
tt0003076,movie,Livets konflikter,Livets konflikter,0,1913,\N,64,Drama,,,livets konflikter
tt0003084,movie,The Lotus Dancer,The Lotus Dancer,0,1913,\N,\N,Drama,,,the lotus dancer
tt0003098,movie,The Lure of New York,The Lure of New York,0,1913,\N,\N,Drama,,,the lure of new york
tt0003100,movie,La luz que vuelve,La luz que vuelve,0,1913,\N,\N,\N,,,la luz que vuelve
tt0003102,movie,Love Everlasting,Ma l'amor mio non muore...,0,1914,\N,90,Drama,6.1,181.0,love everlasting
tt0003108,movie,Macbeth,Macbeth,0,1913,\N,50,"Crime,Drama",6.3,17.0,macbeth
tt0003113,movie,Mala raza,Mala raza,0,1913,\N,101,\N,,,mala raza
tt0003116,movie,The Man from the Golden West,The Man from the Golden West,0,1913,\N,\N,"Adventure,Crime,Drama",,,the man from the golden west
tt0003124,movie,Los marinos de papel,Los marinos de papel,0,1913,\N,\N,\N,,,los marinos de papel
tt0003131,movie,War Is Hell,Maudite soit la guerre,0,1914,\N,50,"Drama,War",6.6,207.0,war is hell
tt0003139,movie,Mexican War Pictures,Mexican War Pictures,0,1913,\N,\N,Documentary,,,mexican war pictures
tt0003140,movie,Mexican War Pictures,Mexican War Pictures,0,1913,\N,\N,Documentary,,,mexican war pictures
tt0003143,movie,Mijntje en Trijntje,Mijntje en Trijntje,0,1913,\N,\N,\N,,,mijntje en trijntje
tt0003150,movie,Miraklet: Tavlor ur det katolska samfundslivet,Miraklet: Tavlor ur det katolska samfundslivet,0,1913,\N,100,Drama,7.2,20.0,miraklet tavlor ur det katolska samfundslivet
tt0003159,movie,"Les Misérables, Part 2: Fantine",Les misérables - Époque 2: Fantine,0,1913,\N,300,Drama,5.7,65.0,les misérables part 2 fantine
tt0003160,movie,El modelo de virtudes,El modelo de virtudes,0,1913,\N,\N,\N,,,el modelo de virtudes
tt0003165,movie,Fantômas: The Dead Man Who Killed,Fantômas III: Le mort qui tue,0,1913,\N,90,"Crime,Drama,Mystery",6.9,1468.0,fantômas the dead man who killed
tt0003167,movie,"Home, Sweet Home","Home, Sweet Home",0,1914,\N,55,Drama,5.7,316.0,home sweet home
tt0003171,movie,Moths,Moths,0,1913,\N,\N,Drama,,,moths
tt0003218,movie,Novillada de beneficencia en Zaragoza,Novillada de beneficencia en Zaragoza,0,1913,\N,\N,\N,,,novillada de beneficencia en zaragoza
tt0003227,movie,"The Girl from Abroad; or, The Great Underworld",Den okända,0,1913,\N,54,Drama,3.6,16.0,the girl from abroad or the great underworld
tt0003230,movie,The Old Armchair,The Old Armchair,0,1913,\N,\N,\N,,,the old armchair
tt0003240,movie,On the Steps of the Throne,On the Steps of the Throne,0,1913,\N,\N,\N,,,on the steps of the throne
tt0003241,movie,One Hundred Years of Mormonism,One Hundred Years of Mormonism,0,1913,\N,90,"Drama,History",5.0,25.0,one hundred years of mormonism
tt0003243,movie,The Orphan,The Orphan,0,1913,\N,\N,\N,,,the orphan
tt0003267,movie,"The Pendleton, Oregon, Round-Up","The Pendleton, Oregon, Round-Up",0,1913,\N,\N,Documentary,,,the pendleton oregon roundup
tt0003287,movie,Pommy Arrives in Australia,Pommy Arrives in Australia,0,1913,\N,\N,Comedy,,,pommy arrives in australia
tt0003289,movie,The Port of Doom,The Port of Doom,0,1913,\N,\N,Drama,,,the port of doom
tt0003294,movie,Primera comunión de las alumnas de las Escuelas Pías,Primera comunión de las alumnas de las Escuelas Pías,0,1913,\N,\N,\N,,,primera comunión de las alumnas de las escuelas pías
tt0003298,movie,A Princess of Bagdad,A Princess of Bagdad,0,1913,\N,\N,"Drama,Fantasy",,,a princess of bagdad
tt0003299,movie,A Prisoner in the Harem,A Prisoner in the Harem,0,1913,\N,\N,Drama,,,a prisoner in the harem
tt0003301,movie,The Prisoner of Zenda,The Prisoner of Zenda,0,1913,\N,55,Adventure,5.9,55.0,the prisoner of zenda
tt0003305,movie,The Secret of the Well,Le puits mitoyen,0,1914,\N,\N,\N,,,the secret of the well
tt0003306,movie,På livets ödesvägar,På livets ödesvägar,0,1913,\N,57,Drama,,,på livets ödesvägar
tt0003309,movie,Captive Souls,Rablélek,0,1914,\N,99,\N,4.3,39.0,captive souls
tt0003316,movie,The Rattlesnake,The Rattlesnake,0,1913,\N,56,"Drama,Western",6.6,25.0,the rattlesnake
tt0003324,movie,A Regiment of Two,A Regiment of Two,0,1913,\N,57,"Comedy,Drama",6.4,33.0,a regiment of two
tt0003330,movie,The Life of Richard Wagner,Richard Wagner,0,1913,\N,110,"Biography,Drama,History",6.2,141.0,the life of richard wagner
tt0003334,movie,The Road to Ruin,The Road to Ruin,0,1913,\N,\N,Drama,,,the road to ruin
tt0003335,movie,The Robbers,The Robbers,0,1913,\N,56,Drama,7.0,14.0,the robbers
tt0003337,movie,Robin Hood,Robin Hood,0,1913,\N,\N,Adventure,5.6,63.0,robin hood
tt0003351,movie,Sapho,Sapho,0,1913,\N,\N,Drama,4.3,19.0,sapho
tt0003362,movie,The Sea Wolf,The Sea Wolf,0,1913,\N,70,Drama,6.0,34.0,the sea wolf
tt0003363,movie,The Seed of the Fathers,The Seed of the Fathers,0,1913,\N,\N,"Drama,War",,,the seed of the fathers
tt0003365,movie,Shadows of the Moulin Rouge,Shadows of the Moulin Rouge,0,1913,\N,60,Drama,5.3,29.0,shadows of the moulin rouge
tt0003366,movie,The Shame of the Empire State,The Shame of the Empire State,0,1913,\N,\N,"Crime,Drama",,,the shame of the empire state
tt0003367,movie,The Shattered Vase,Razbitaya vaza,0,1913,\N,\N,Drama,5.5,12.0,the shattered vase
tt0003376,movie,Silvia Silombra,Silvia Silombra,0,1913,\N,\N,\N,,,silvia silombra
tt0003378,movie,A Sister to Carmen,A Sister to Carmen,0,1913,\N,\N,Drama,,,a sister to carmen
tt0003379,movie,Sixty Years a Queen,Sixty Years a Queen,0,1913,\N,\N,Biography,3.3,20.0,sixty years a queen
tt0003386,movie,Sodoms Ende,Sodoms Ende,0,1913,\N,\N,Drama,7.6,21.0,sodoms ende
tt0003387,movie,The Sparrow,Soeurette,0,1914,\N,\N,\N,,,the sparrow
tt0003390,movie,Ein Sommernachtstraum in unserer Zeit,Ein Sommernachtstraum in unserer Zeit,0,1914,\N,\N,\N,,,ein sommernachtstraum in unserer zeit
tt0003394,movie,Den sorte familie,Den sorte familie,0,1914,\N,\N,\N,,,den sorte familie
tt0003406,movie,Statistinnen des Lebens,Statistinnen des Lebens,0,1913,\N,\N,\N,,,statistinnen des lebens
tt0003414,movie,The Stranglers of Paris,The Stranglers of Paris,0,1913,\N,\N,"Crime,Drama",,,the stranglers of paris
tt0003419,movie,The Student of Prague,Der Student von Prag,0,1913,\N,83,"Drama,Fantasy,Horror",6.4,2688.0,the student of prague
tt0003423,movie,Die Sumpfblume,Die Sumpfblume,0,1913,\N,53,\N,,,die sumpfblume
tt0003431,movie,Die Tangokönigin,Die Tangokönigin,0,1913,\N,60,\N,5.8,19.0,die tangokönigin
tt0003438,movie,Ten Nights in a Barroom,Ten Nights in a Barroom,0,1913,\N,\N,Drama,5.7,38.0,ten nights in a barroom
tt0003441,movie,The Terrible Vengeance,Strashnaya mest,0,1913,\N,\N,\N,6.0,22.0,the terrible vengeance
tt0003442,movie,Tess of the D'Urbervilles,Tess of the D'Urbervilles,0,1913,\N,\N,"Drama,Romance",5.2,35.0,tess of the durbervilles
tt0003449,movie,The Third Degree,The Third Degree,0,1913,\N,\N,Drama,,,the third degree
tt0003456,movie,Through Fire and Air,Through Fire and Air,0,1913,\N,\N,\N,6.9,16.0,through fire and air
tt0003464,movie,The Tonopah Stampede for Gold,The Tonopah Stampede for Gold,0,1913,\N,\N,"Drama,Western",,,the tonopah stampede for gold
tt0003465,movie,Tonto de la huerta,Tonto de la huerta,0,1913,\N,\N,\N,,,tonto de la huerta
tt0003469,movie,Tortures Within Prison Walls,Tortures Within Prison Walls,0,1913,\N,\N,Drama,,,tortures within prison walls
tt0003470,movie,A Tourada dos Casimiros,A Tourada dos Casimiros,0,1913,\N,\N,Documentary,,,a tourada dos casimiros
tt0003471,movie,Traffic in Souls,Traffic in Souls,0,1913,\N,88,"Crime,Drama",6.0,793.0,traffic in souls
tt0003472,movie,Trampa y cartón,Trampa y cartón,0,1913,\N,\N,\N,,,trampa y cartón
tt0003489,movie,The Last Days of Pompeii,Gli ultimi giorni di Pompei,0,1913,\N,107,"Adventure,Drama",6.1,672.0,the last days of pompeii
tt0003493,movie,Ungarische Rhapsodie,Ungarische Rhapsodie,0,1913,\N,\N,\N,,,ungarische rhapsodie
tt0003502,movie,A Venetian Night,Eine venezianische Nacht,0,1914,\N,52,\N,4.9,43.0,a venetian night
tt0003504,movie,Der Verführte,Der Verführte,0,1913,\N,54,\N,,,der verführte
tt0003506,movie,The Vicar of Wakefield,The Vicar of Wakefield,0,1913,\N,\N,Drama,,,the vicar of wakefield
tt0003507,movie,The Vicar of Wakefield,The Vicar of Wakefield,0,1913,\N,\N,Drama,,,the vicar of wakefield
tt0003508,movie,Victory,Victory,0,1913,\N,\N,War,5.8,23.0,victory
tt0003510,movie,Volunteer Organist,Volunteer Organist,0,1913,\N,\N,Drama,,,volunteer organist
tt0003511,movie,The Vortex of Fate,The Vortex of Fate,0,1913,\N,\N,\N,,,the vortex of fate
tt0003545,movie,Who Will Marry Mary?,Who Will Marry Mary?,0,1913,\N,\N,"Action,Adventure",5.0,33.0,who will marry mary
tt0003561,movie,With General Pancho Villa in Mexico,With General Pancho Villa in Mexico,0,1913,\N,\N,\N,,,with general pancho villa in mexico
tt0003565,movie,Where Is Coletti?,Wo ist Coletti?,0,1913,\N,86,"Comedy,Crime",6.4,59.0,where is coletti
tt0003576,movie,The Wreck,The Wreck,0,1913,\N,48,Drama,,,the wreck
tt0003584,movie,"The $5, 000, 000 Counterfeiting Plot","The $5,000,000 Counterfeiting Plot",0,1914,\N,\N,"Crime,Thriller",6.8,31.0,the 5 000 000 counterfeiting plot
tt0003587,movie,'Round the World in 80 Days,'Round the World in 80 Days,0,1914,\N,\N,Adventure,5.3,42.0,round the world in 80 days
tt0003589,movie,0-18 or A Message from the Sky,On His Majesty's Service,0,1914,\N,\N,"Crime,Drama",6.2,52.0,018 or a message from the sky
tt0003590,movie,A 300 éves ember,A 300 éves ember,0,1914,\N,\N,\N,6.4,17.0,a 300 éves ember
tt0003593,movie,Across America by Motor Car,Across America by Motor Car,0,1914,\N,\N,Documentary,,,across america by motor car
tt0003595,movie,Across the Pacific,Across the Pacific,0,1914,\N,50,"Adventure,Drama,Romance",4.5,32.0,across the pacific
tt0003596,movie,The Active Life of Dolly of the Dailies,The Active Life of Dolly of the Dailies,0,1914,\N,170,Drama,6.1,77.0,the active life of dolly of the dailies
tt0003597,movie,Adoptivkind,Adoptivkind,0,1914,\N,\N,\N,,,adoptivkind
tt0003598,movie,The Adventures of Andy Clark,The Adventures of Andy Clark,0,1914,\N,\N,"Adventure,Comedy",4.6,22.0,the adventures of andy clark
tt0003599,movie,The Adventures of Buffalo Bill,The Adventures of Buffalo Bill,0,1917,\N,\N,"Documentary,Drama,Western",6.4,29.0,the adventures of buffalo bill
tt0003600,movie,The Adventures of Kitty Cobb,The Adventures of Kitty Cobb,0,1914,\N,\N,Adventure,6.2,25.0,the adventures of kitty cobb
tt0003602,movie,The Adventures of a Diplomatic Freelance,The Adventures of a Diplomatic Freelance,0,1914,\N,\N,\N,,,the adventures of a diplomatic freelance
tt0003605,movie,After the Ball,After the Ball,0,1914,\N,\N,Drama,6.0,20.0,after the ball
tt0003606,movie,Aftermath,Aftermath,0,1914,\N,\N,Drama,,,aftermath
tt0003608,movie,El alcalde de Zalamea,El alcalde de Zalamea,0,1914,\N,\N,\N,4.0,16.0,el alcalde de zalamea
tt0003609,movie,Alexandra,Alexandra,0,1914,\N,\N,"Drama,Romance",5.2,20.0,alexandra
tt0003610,movie,Alexia o La niña del misterio,Alexia o La niña del misterio,0,1916,\N,\N,\N,,,alexia o la niña del misterio
tt0003613,movie,Alone in New York,Alone in New York,0,1914,\N,\N,"Crime,Drama",,,alone in new york
tt0003617,movie,America,America,0,1914,\N,\N,Adventure,3.4,25.0,america
tt0003619,movie,Amigas siempre,Amigas siempre,0,1914,\N,\N,\N,,,amigas siempre
tt0003622,movie,Love of Perdition,Amor de Perdição,0,1914,\N,\N,Drama,,,love of perdition
tt0003623,movie,Amor de pescadora,Amor de pescadora,0,1914,\N,\N,\N,,,amor de pescadora
tt0003625,movie,Anna Karenina,Anna Karenina,0,1914,\N,\N,Drama,5.2,31.0,anna karenina
tt0003629,movie,Apuntes de la fiesta de la flor,Apuntes de la fiesta de la flor,0,1914,\N,\N,Documentary,,,apuntes de la fiesta de la flor
tt0003630,movie,Golddigger,Az aranyásó,0,1914,\N,\N,"Drama,Western",4.6,36.0,golddigger
tt0003631,movie,Aristocracy,Aristocracy,0,1914,\N,\N,Drama,,,aristocracy
tt0003632,movie,Arme Eva,Arme Eva,0,1916,\N,63,Drama,6.1,23.0,arme eva
tt0003634,movie,As Ye Sow,As Ye Sow,0,1914,\N,50,Drama,,,as ye sow
tt0003637,movie,Assunta Spina,Assunta Spina,0,1915,\N,72,Drama,6.2,532.0,assunta spina
tt0003639,movie,At the Cross Roads,At the Cross Roads,0,1914,\N,\N,Drama,,,at the cross roads
tt0003643,movie,The Avenging Conscience: or 'Thou Shalt Not Kill',The Avenging Conscience: or 'Thou Shalt Not Kill',0,1914,\N,78,"Crime,Drama,Horror",6.4,1575.0,the avenging conscience or thou shalt not kill
tt0003651,movie,Badehotellet,Badehotellet,0,1915,\N,45,Drama,7.0,17.0,badehotellet
tt0003654,movie,Bandits of the Border Mine,Bandits of the Border Mine,0,1914,\N,\N,Drama,,,bandits of the border mine
tt0003655,movie,The Banker's Daughter,The Banker's Daughter,0,1914,\N,\N,Drama,,,the bankers daughter
tt0003657,movie,The Bargain,The Bargain,0,1914,\N,70,"Drama,Western",6.5,291.0,the bargain
tt0003663,movie,Battle of Gettysgoat,Battle of Gettysgoat,0,1914,\N,\N,Comedy,,,battle of gettysgoat
tt0003664,movie,The Battle of Love,The Battle of Love,0,1914,\N,\N,Drama,,,the battle of love
tt0003665,movie,The Battle of the Sexes,The Battle of the Sexes,0,1914,\N,50,Drama,6.3,108.0,the battle of the sexes
tt0003668,movie,Beating Back,Beating Back,0,1914,\N,60,"Adventure,Biography,Drama",5.7,29.0,beating back
tt0003669,movie,A becsapott újságíró,A becsapott újságíró,0,1915,\N,\N,\N,,,a becsapott újságíró
tt0003670,movie,Behind the Scenes,Behind the Scenes,0,1914,\N,75,Drama,6.5,40.0,behind the scenes
tt0003672,movie,La Belle Russe,La Belle Russe,0,1914,\N,\N,Drama,,,la belle russe
tt0003675,movie,The Beloved Adventurer,The Beloved Adventurer,0,1914,\N,450,Adventure,6.6,25.0,the beloved adventurer
tt0003676,movie,Beneath the Czar,Beneath the Czar,0,1914,\N,\N,Drama,,,beneath the czar
tt0003677,movie,The Better Man,The Better Man,0,1914,\N,\N,Drama,,,the better man
tt0003685,movie,Det blaa vidunder,Det blaa vidunder,0,1915,\N,\N,Comedy,,,det blaa vidunder
tt0003686,movie,The Boer War,The Boer War,0,1914,\N,\N,Drama,6.2,20.0,the boer war
tt0003688,movie,The Book of Nature,The Book of Nature,0,1914,\N,\N,Documentary,4.3,18.0,the book of nature
tt0003689,movie,Born Again,Born Again,0,1914,\N,\N,Drama,,,born again
tt0003692,movie,The Boundary Rider,The Boundary Rider,0,1914,\N,\N,"Adventure,Crime",6.5,21.0,the boundary rider
tt0003693,movie,A Boy and the Law,A Boy and the Law,0,1913,\N,\N,Drama,,,a boy and the law
tt0003698,movie,Brewster's Millions,Brewster's Millions,0,1914,\N,\N,Comedy,6.2,61.0,brewsters millions
tt0003724,movie,In the Days of the Thundering Herd,In the Days of the Thundering Herd,0,1914,\N,48,"Drama,Western",5.4,46.0,in the days of the thundering herd
tt0003730,movie,The Burglar and the Lady,The Burglar and the Lady,0,1914,\N,\N,"Crime,Drama",,,the burglar and the lady
tt0003731,movie,Burning Daylight: The Adventures of 'Burning Daylight' in Alaska,Burning Daylight: The Adventures of 'Burning Daylight' in Alaska,0,1914,\N,50,"Adventure,Drama",4.8,27.0,burning daylight the adventures of burning daylight in alaska
tt0003732,movie,Burning Daylight: The Adventures of 'Burning Daylight' in Civilization,Burning Daylight: The Adventures of 'Burning Daylight' in Civilization,0,1914,\N,50,Drama,,,burning daylight the adventures of burning daylight in civilization
tt0003735,movie,Bánk bán,Bánk bán,0,1915,\N,\N,\N,5.3,42.0,bánk bán
tt0003736,movie,C.O.D.,C.O.D.,0,1914,\N,\N,Comedy,,,cod
tt0003737,movie,Cabalgata de los mercados en Barcelona,Cabalgata de los mercados en Barcelona,0,1914,\N,\N,Documentary,,,cabalgata de los mercados en barcelona
tt0003738,movie,El caballero Casarroja,El caballero Casarroja,0,1914,\N,\N,\N,,,el caballero casarroja
tt0003740,movie,Cabiria,Cabiria,0,1914,\N,148,"Adventure,Drama,History",7.1,4321.0,cabiria
tt0003742,movie,Calatayud en fiestas,Calatayud en fiestas,0,1914,\N,\N,Documentary,,,calatayud en fiestas
tt0003743,movie,The Call of the North,The Call of the North,0,1914,\N,\N,"Adventure,Drama",5.1,58.0,the call of the north
tt0003744,movie,Called Back,Called Back,0,1914,\N,\N,Drama,,,called back
tt0003746,movie,El calvario de un héroe,El calvario de un héroe,0,1914,\N,\N,\N,,,el calvario de un héroe
tt0003747,movie,Cameo Kirby,Cameo Kirby,0,1914,\N,50,"Action,Drama,Romance",,,cameo kirby
tt0003748,movie,Captain Alvarez,Captain Alvarez,0,1914,\N,60,Drama,8.0,22.0,captain alvarez
tt0003749,movie,The Captain Besley Expedition,The Captain Besley Expedition,0,1914,\N,\N,Documentary,,,the captain besley expedition
tt0003752,movie,Captain Swift,Captain Swift,0,1914,\N,\N,Drama,5.4,17.0,captain swift
tt0003754,movie,The Capture of a Sea Elephant and Hunting Wild Game in the South Pacific Islands,The Capture of a Sea Elephant and Hunting Wild Game in the South Pacific Islands,0,1914,\N,\N,Documentary,5.6,12.0,the capture of a sea elephant and hunting wild game in the south pacific islands
tt0003756,movie,Cardinal Richelieu's Ward,Cardinal Richelieu's Ward,0,1914,\N,\N,Drama,,,cardinal richelieus ward
tt0003757,movie,Catástrofe de Aguilón,Catástrofe de Aguilón,0,1914,\N,\N,Documentary,,,catástrofe de aguilón
tt0003761,movie,A Celebrated Case,A Celebrated Case,0,1914,\N,\N,Drama,,,a celebrated case
tt0003763,movie,Charlotte Corday,Charlotte Corday,0,1914,\N,\N,"Drama,History",,,charlotte corday
tt0003764,movie,La chavala,La chavala,0,1914,\N,\N,\N,,,la chavala
tt0003765,movie,The Chechako,The Chechako,0,1914,\N,\N,Drama,,,the chechako
tt0003768,movie,The Chimes,The Chimes,0,1914,\N,50,"Drama,Fantasy",3.7,23.0,the chimes
tt0003771,movie,The Christian,The Christian,0,1914,\N,80,Drama,7.0,18.0,the christian
tt0003772,movie,Cinderella,Cinderella,0,1914,\N,52,"Drama,Fantasy",6.0,1143.0,cinderella
tt0003774,movie,The Circus Man,The Circus Man,0,1914,\N,50,Drama,5.4,22.0,the circus man
tt0003779,movie,"Cocaine Traffic; or, the Drug Terror","Cocaine Traffic; Or, The Drug Terror",0,1914,\N,\N,Drama,,,cocaine traffic or the drug terror
tt0003780,movie,The Colosseum in Films,The Colosseum in Films,0,1914,\N,\N,Documentary,,,the colosseum in films
tt0003790,movie,The Coming Power,The Coming Power,0,1914,\N,\N,Drama,,,the coming power
tt0003791,movie,Common Beasts of Africa,Common Beasts of Africa,0,1914,\N,\N,Documentary,,,common beasts of africa
tt0003792,movie,The Conspiracy,The Conspiracy,0,1914,\N,\N,"Crime,Drama,Mystery",,,the conspiracy
tt0003798,movie,The Country Mouse,The Country Mouse,0,1914,\N,\N,Comedy,,,the country mouse
tt0003799,movie,The County Chairman,The County Chairman,0,1914,\N,\N,"Comedy,Drama",5.0,20.0,the county chairman
tt0003802,movie,The Criminal Code,The Criminal Code,0,1914,\N,\N,Drama,,,the criminal code
tt0003804,movie,The Crucible,The Crucible,0,1914,\N,\N,"Drama,Romance",6.2,25.0,the crucible
tt0003806,movie,Crushed,Crushed,0,1914,\N,\N,\N,,,crushed
tt0003807,movie,El cuervo del campamento,El cuervo del campamento,0,1914,\N,\N,\N,,,el cuervo del campamento
tt0003808,movie,La cueva vengadora,La cueva vengadora,0,1914,\N,\N,Drama,,,la cueva vengadora
tt0003815,movie,Damaged Goods,Damaged Goods,0,1914,\N,\N,Drama,6.0,21.0,damaged goods
tt0003816,movie,Damon and Pythias,Damon and Pythias,0,1914,\N,100,Drama,6.4,52.0,damon and pythias
tt0003817,movie,Dan,Dan,0,1914,\N,\N,"Drama,War",2.7,25.0,dan
tt0003820,movie,The Dancer and the King,The Dancer and the King,0,1914,\N,50,Drama,,,the dancer and the king
tt0003822,movie,La danza fatal,La danza fatal,0,1915,\N,58,\N,,,la danza fatal
tt0003825,movie,The Daughters of Men,The Daughters of Men,0,1914,\N,\N,Drama,,,the daughters of men
tt0003830,movie,Detective Craig's Coup,Detective Craig's Coup,0,1914,\N,\N,"Crime,Drama",5.0,18.0,detective craigs coup
tt0003831,movie,The Detective Queen,The Detective Queen,0,1914,\N,\N,Drama,,,the detective queen
tt0003832,movie,La deuda del pasado,La deuda del pasado,0,1914,\N,\N,\N,,,la deuda del pasado
tt0003836,movie,Diego Corrientes,Diego Corrientes,0,1914,\N,\N,\N,,,diego corrientes
tt0003838,movie,The Dishonored Medal,The Dishonored Medal,0,1914,\N,\N,Adventure,5.8,48.0,the dishonored medal
tt0003840,movie,Doc,Doc,0,1914,\N,\N,"Drama,Western",,,doc
tt0003854,movie,Dodge City Trail,Dodge City Trail,0,1936,\N,56,"Drama,Music,Western",3.7,31.0,dodge city trail
tt0003856,movie,The Dollar Mark,The Dollar Mark,0,1914,\N,50,Drama,,,the dollar mark
tt0003859,movie,Dope,Dope,0,1914,\N,\N,Drama,,,dope
tt0003866,movie,Un drama en Aragón,Un drama en Aragón,0,1914,\N,\N,\N,,,un drama en aragón
tt0003867,movie,Un drama en la montaña,Un drama en la montaña,0,1914,\N,\N,\N,,,un drama en la montaña
tt0003870,movie,Judge Not,Dömen icke,0,1914,\N,57,Drama,5.7,20.0,judge not
tt0003871,movie,The Eagle's Mate,The Eagle's Mate,0,1914,\N,\N,Drama,5.4,23.0,the eagles mate
tt0003874,movie,La echadora de cartas,La echadora de cartas,0,1914,\N,\N,\N,,,la echadora de cartas
tt0003875,movie,The Education of Mr. Pipp,The Education of Mr. Pipp,0,1914,\N,\N,Comedy,,,the education of mr pipp
tt0003878,movie,O Embarque das Tropas Expedicionárias para Angola e Moçambique,O Embarque das Tropas Expedicionárias para Angola e Moçambique,0,1914,\N,\N,Documentary,,,o embarque das tropas expedicionárias para angola e moçambique
tt0003883,movie,The Child of Paris,L'enfant de Paris,0,1913,\N,124,"Crime,Drama",7.2,510.0,the child of paris
tt0003884,movie,Engelein,Engelein,0,1914,\N,49,Comedy,6.3,135.0,engelein
tt0003886,movie,Enoch Arden,Enoch Arden,0,1914,\N,\N,Drama,6.3,38.0,enoch arden
tt0003887,movie,Entre ruinas,Entre ruinas,0,1914,\N,\N,\N,,,entre ruinas
tt0003888,movie,The Envoy Extraordinary,The Envoy Extraordinary,0,1914,\N,\N,Drama,,,the envoy extraordinary
tt0003889,movie,Erstarrte Liebe,Erstarrte Liebe,0,1915,\N,\N,\N,,,erstarrte liebe
tt0003890,movie,The Escape,The Escape,0,1914,\N,60,Drama,5.8,60.0,the escape
tt0003891,movie,Escaped from Siberia,Escaped from Siberia,0,1914,\N,\N,Drama,,,escaped from siberia
tt0003893,movie,Even Unto Death,Even Unto Death,0,1914,\N,\N,Drama,,,even unto death
tt0003897,movie,The Exploits of Elaine,The Exploits of Elaine,0,1914,\N,220,Action,6.1,111.0,the exploits of elaine
tt0003924,movie,Facing the Gattling Guns,Facing the Gattling Guns,0,1914,\N,\N,Drama,,,facing the gattling guns
tt0003925,movie,A Factory Magdalen,A Factory Magdalen,0,1914,\N,\N,Drama,,,a factory magdalen
tt0003929,movie,Fantasma,Fantasma,0,1914,\N,\N,Fantasy,,,fantasma
tt0003930,movie,Fantomas: The Mysterious Finger Print,Fantômas IV: Fantômas contre Fantômas,0,1914,\N,59,"Crime,Drama",6.8,1555.0,fantomas the mysterious finger print
tt0003935,movie,The Fatal Night,The Fatal Night,0,1914,\N,\N,"Drama,History",,,the fatal night
tt0003938,movie,The Fates and Flora Fourflush,The Fates and Flora Fourflush,0,1914,\N,\N,Comedy,,,the fates and flora fourflush
tt0003951,movie,Fatum,Fatum,0,1915,\N,70,\N,,,fatum
tt0003952,movie,Fantômas: The False Magistrate,Fantômas V: Le faux magistrat,0,1914,\N,70,"Crime,Drama",6.7,1319.0,fantômas the false magistrate
tt0003954,movie,La festa del Blat,La festa del Blat,0,1914,\N,\N,\N,,,la festa del blat
tt0003955,movie,Fiestas del Coso Blanco en Tarragona,Fiestas del Coso Blanco en Tarragona,0,1914,\N,\N,Documentary,,,fiestas del coso blanco en tarragona
tt0003957,movie,"A Fight for Freedom; or, Exiled to Siberia","A Fight for Freedom; Or, Exiled to Siberia",0,1914,\N,\N,Drama,6.7,18.0,a fight for freedom or exiled to siberia
tt0003958,movie,The Fight for the Great Black Diamond,The Fight for the Great Black Diamond,0,1914,\N,\N,\N,,,the fight for the great black diamond
tt0003960,movie,Loyalty,La fille de Delft,0,1914,\N,68,\N,6.1,37.0,loyalty
tt0003965,movie,Fire and Sword,Fire and Sword,0,1914,\N,\N,Adventure,6.6,26.0,fire and sword
tt0003967,movie,The Perfect Thirty-Six,Die Firma heiratet,0,1914,\N,\N,Comedy,,,the perfect thirtysix
tt0003971,movie,The Flooding and Opening of the Panama Canal,The Flooding and Opening of the Panama Canal,0,1914,\N,\N,Documentary,,,the flooding and opening of the panama canal
tt0003973,movie,A Florida Enchantment,A Florida Enchantment,0,1914,\N,63,Comedy,5.8,341.0,a florida enchantment
tt0003974,movie,Florida Historic Scenes and Florida in Mid-Winter,Florida Historic Scenes and Florida in Mid-Winter,0,1914,\N,\N,Documentary,,,florida historic scenes and florida in midwinter
tt0003977,movie,The Folly of Revenge,The Folly of Revenge,0,1916,\N,50,Drama,,,the folly of revenge
tt0003987,movie,"Forgiven; or, the Jack of Diamonds","Forgiven; Or, The Jack of Diamonds",0,1914,\N,\N,Drama,6.6,18.0,forgiven or the jack of diamonds
tt0003988,movie,The Fortune Hunter,The Fortune Hunter,0,1914,\N,\N,Comedy,,,the fortune hunter
tt0003993,movie,The Fringe of War,The Fringe of War,0,1914,\N,\N,"Drama,War",,,the fringe of war
tt0003994,movie,Frou Frou,Frou Frou,0,1914,\N,\N,Drama,,,frou frou
tt0003997,movie,La fuerza del mal,La fuerza del mal,0,1914,\N,\N,\N,,,la fuerza del mal
tt0003999,movie,För sin kärleks skull,För sin kärleks skull,0,1914,\N,64,Drama,5.5,13.0,för sin kärleks skull
tt0004000,movie,The Gamblers,The Gamblers,0,1914,\N,\N,Drama,,,the gamblers
tt0004003,movie,Gatans barn,Gatans barn,0,1914,\N,54,Drama,6.6,13.0,gatans barn
tt0004004,movie,Heilig recht,Heilig recht,0,1914,\N,\N,Drama,,,heilig recht
tt0004006,movie,A Gentleman from Mississippi,A Gentleman from Mississippi,0,1914,\N,50,Drama,,,a gentleman from mississippi
tt0004009,movie,Das Geschenk des Inders,Das Geschenk des Inders,0,1914,\N,\N,\N,,,das geschenk des inders
tt0004013,movie,The Ghost Breaker,The Ghost Breaker,0,1914,\N,60,"Adventure,Horror",4.7,54.0,the ghost breaker
tt0004021,movie,La gitanilla,La gitanilla,0,1914,\N,\N,\N,,,la gitanilla
tt0004022,movie,Julius Caesar,Cajus Julius Caesar,0,1914,\N,112,"Drama,History",6.3,79.0,julius caesar
tt0004026,movie,The Golem,Der Golem,0,1914,\N,60,Horror,6.7,1323.0,the golem
tt0004027,movie,A Good Little Devil,A Good Little Devil,0,1914,\N,50,Drama,5.9,35.0,a good little devil
tt0004031,movie,The Governor's Ghost,The Governor's Ghost,0,1914,\N,\N,Drama,3.6,17.0,the governors ghost
tt0004034,movie,Grandes regatas en Barcelona,Grandes regatas en Barcelona,0,1914,\N,\N,Documentary,,,grandes regatas en barcelona
tt0004037,movie,The Great Diamond Robbery,The Great Diamond Robbery,0,1914,\N,\N,Drama,,,the great diamond robbery
tt0004038,movie,The Great Leap: Until Death Do Us Part,The Great Leap: Until Death Do Us Part,0,1914,\N,\N,"Drama,Romance",5.4,24.0,the great leap until death do us part
tt0004043,movie,The Greyhound,The Greyhound,0,1914,\N,\N,"Crime,Drama",,,the greyhound
tt0004044,movie,Guardian of Virtue,Blyustitel nravstvennosti,0,1914,\N,\N,\N,,,guardian of virtue
tt0004047,movie,Half Breed,Halvblod,0,1913,\N,69,Drama,6.9,18.0,half breed
tt0004049,movie,Hamlet,Amleto,0,1914,\N,\N,Drama,,,hamlet
tt0004052,movie,The Hazards of Helen,The Hazards of Helen,0,1914,\N,1428,Action,6.8,129.0,the hazards of helen
tt0004058,movie,Hearts United,Hearts United,0,1914,\N,\N,Drama,,,hearts united
tt0004061,movie,Hearts and Flowers,Hearts and Flowers,0,1914,\N,\N,Drama,,,hearts and flowers
tt0004063,movie,Hearts of Oak,Hearts of Oak,0,1914,\N,\N,Drama,,,hearts of oak
tt0004066,movie,Sealed Orders,Det hemmelighedsfulde X,0,1914,\N,84,"Drama,Mystery",6.8,763.0,sealed orders
tt0004078,movie,Her Luck in London,Her Luck in London,0,1914,\N,\N,"Crime,Drama",,,her luck in london
tt0004095,movie,"His Holiness, the Late Pope Pius X, and the Vatican","His Holiness, the Late Pope Pius X, and the Vatican",0,1914,\N,\N,Documentary,,,his holiness the late pope pius x and the vatican
tt0004097,movie,His Last Dollar,His Last Dollar,0,1914,\N,\N,"Comedy,Drama",,,his last dollar
tt0004099,movie,"His Majesty, the Scarecrow of Oz","His Majesty, the Scarecrow of Oz",0,1914,\N,59,"Adventure,Comedy,Family",5.3,575.0,his majesty the scarecrow of oz
tt0004112,movie,Hombre o mujer,Hombre o mujer,0,1914,\N,\N,Comedy,6.4,9.0,hombre o mujer
tt0004114,movie,Homenaje a Lanuza,Homenaje a Lanuza,0,1914,\N,\N,Documentary,,,homenaje a lanuza
tt0004118,movie,The Hoosier Schoolmaster,The Hoosier Schoolmaster,0,1914,\N,\N,Drama,,,the hoosier schoolmaster
tt0004121,movie,The Hound of the Baskervilles (1914),Der Hund von Baskerville,0,1914,\N,65,"Crime,Horror,Mystery",5.6,190.0,the hound of the baskervilles 1914
tt0004125,movie,The House Next Door,The House Next Door,0,1914,\N,\N,Drama,3.0,22.0,the house next door
tt0004126,movie,The House of Bondage,The House of Bondage,0,1914,\N,\N,Drama,,,the house of bondage
tt0004129,movie,How the German General Signed a Pact with the Devil,How the German General Signed a Pact with the Devil,0,1914,\N,\N,\N,,,how the german general signed a pact with the devil
tt0004130,movie,The Human Bloodhound,The Human Bloodhound,0,1914,\N,\N,Drama,,,the human bloodhound
tt0004134,movie,Hypocrites,Hypocrites,0,1915,\N,54,"Drama,Fantasy",6.4,831.0,hypocrites
tt0004136,movie,I kammerherrens klæder,I kammerherrens klæder,0,1914,\N,\N,Comedy,,,i kammerherrens klæder
tt0004137,movie,The Idler,The Idler,0,1914,\N,50,Drama,,,the idler
tt0004138,movie,The Idol of Paris,The Idol of Paris,0,1914,\N,\N,"Crime,Drama",,,the idol of paris
tt0004140,movie,Ill Starred Babbie,Ill Starred Babbie,0,1914,\N,\N,\N,,,ill starred babbie
tt0004141,movie,Im Schützengraben,Im Schützengraben,0,1914,\N,\N,\N,,,im schützengraben
tt0004142,movie,Imar the Servitor,Imar the Servitor,0,1914,\N,\N,Drama,,,imar the servitor
tt0004150,movie,In the Land of the Head Hunters,In the Land of the Head Hunters,0,1914,\N,65,"Drama,History",5.8,593.0,in the land of the head hunters
tt0004155,movie,The Indian Wars,The Indian Wars,0,1914,\N,\N,"Biography,Drama,History",7.0,18.0,the indian wars
tt0004156,movie,L'infirmière,L'infirmière,0,1914,\N,\N,\N,,,linfirmière
tt0004162,movie,La intrusa,La intrusa,0,1914,\N,\N,Drama,,,la intrusa
tt0004163,movie,The Invisible Power,The Invisible Power,0,1914,\N,\N,Drama,,,the invisible power
tt0004164,movie,"Ireland, a Nation","Ireland, a Nation",0,1914,\N,50,"Drama,History",3.8,64.0,ireland a nation
tt0004167,movie,Jane Eyre,Jane Eyre,0,1914,\N,50,Drama,7.6,27.0,jane eyre
tt0004169,movie,Jess,Jess,0,1914,\N,\N,Drama,,,jess
tt0004170,movie,Jess of the Mountain Country,Jess of the Mountain Country,0,1914,\N,\N,Drama,,,jess of the mountain country
tt0004175,movie,John Barleycorn,John Barleycorn,0,1914,\N,\N,Drama,,,john barleycorn
tt0004177,movie,"Joliet Prison, Joliet, Ill.","Joliet Prison, Joliet, Ill.",0,1914,\N,\N,Documentary,5.6,11.0,joliet prison joliet ill
tt0004178,movie,Joseph and His Coat of Many Colors,Joseph and His Coat of Many Colors,0,1914,\N,\N,Drama,,,joseph and his coat of many colors
tt0004179,movie,Joseph in the Land of Egypt,Joseph in the Land of Egypt,0,1914,\N,52,Drama,5.0,58.0,joseph in the land of egypt
tt0004180,movie,The Judge's Wife,The Judge's Wife,0,1914,\N,\N,Drama,,,the judges wife
tt0004181,movie,Judith of Bethulia,Judith of Bethulia,0,1914,\N,61,Drama,6.2,1537.0,judith of bethulia
tt0004182,movie,The Jungle,The Jungle,0,1914,\N,75,Drama,6.9,73.0,the jungle
tt0004184,movie,The Kangaroo,The Kangaroo,0,1914,\N,\N,Drama,,,the kangaroo
tt0004188,movie,The Key to Yesterday,The Key to Yesterday,0,1914,\N,\N,Drama,,,the key to yesterday
tt0004192,movie,The King of the Bowery,The King of the Bowery,0,1914,\N,\N,Drama,,,the king of the bowery
tt0004195,movie,Krates,Krates,0,1913,\N,\N,\N,,,krates
tt0004197,movie,Den kulørte slavehandler,Den kulørte slavehandler,0,1914,\N,\N,\N,,,den kulørte slavehandler
tt0004199,movie,The Borrowed Babies,A kölcsönkért csecsemök,0,1915,\N,\N,Comedy,4.0,35.0,the borrowed babies
tt0004201,movie,The Ladies' War,The Ladies' War,0,1914,\N,\N,Comedy,,,the ladies war
tt0004205,movie,The Land of the Lost,The Land of the Lost,0,1914,\N,\N,Drama,6.1,26.0,the land of the lost
tt0004207,movie,The Last Egyptian,The Last Egyptian,0,1914,\N,\N,"Adventure,Drama,Romance",5.2,29.0,the last egyptian
tt0004208,movie,The Last Volunteer,The Last Volunteer,0,1914,\N,74,"Drama,War",5.6,35.0,the last volunteer
tt0004214,movie,Lena Rivers,Lena Rivers,0,1914,\N,\N,Drama,,,lena rivers
tt0004215,movie,Lena Rivers,Lena Rivers,0,1914,\N,\N,Drama,,,lena rivers
tt0004218,movie,El león de la sierra,El león de la sierra,0,1914,\N,\N,\N,,,el león de la sierra
tt0004221,movie,Life in a Western Penitentiary,Life in a Western Penitentiary,0,1914,\N,\N,Documentary,,,life in a western penitentiary
tt0004222,movie,"The Life of Big Tim Sullivan; or, from Newsboy to Senator","The Life of Big Tim Sullivan; Or, from Newsboy to Senator",0,1914,\N,\N,Drama,,,the life of big tim sullivan or from newsboy to senator
tt0004223,movie,The Life of General Villa,The Life of General Villa,0,1914,\N,105,"Action,Adventure,Biography",6.2,83.0,the life of general villa
tt0004224,movie,Life's Shop Window,Life's Shop Window,0,1914,\N,50,Drama,,,lifes shop window
tt0004225,movie,The Light Unseen,The Light Unseen,0,1914,\N,\N,Drama,,,the light unseen
tt0004226,movie,The Lightning Conductor,The Lightning Conductor,0,1914,\N,\N,Comedy,,,the lightning conductor
tt0004230,movie,The Line-Up at Police Headquarters,The Line-Up at Police Headquarters,0,1914,\N,\N,Drama,,,the lineup at police headquarters
tt0004231,movie,Linito quiere ser torero,Linito quiere ser torero,0,1914,\N,\N,Comedy,,,linito quiere ser torero
tt0004232,movie,The Lion and the Mouse,The Lion and the Mouse,0,1914,\N,\N,Drama,,,the lion and the mouse
tt0004234,movie,The Little Angel of Canyon Creek,The Little Angel of Canyon Creek,0,1914,\N,50,"Drama,Western",,,the little angel of canyon creek
tt0004236,movie,The Little Gray Lady,The Little Gray Lady,0,1914,\N,\N,Drama,,,the little gray lady
tt0004237,movie,The Little Jewess,The Little Jewess,0,1914,\N,\N,Drama,,,the little jewess
tt0004238,movie,Little Lord Fauntleroy,Little Lord Fauntleroy,0,1914,\N,\N,Drama,5.4,22.0,little lord fauntleroy
tt0004244,movie,The Littlest Rebel,The Littlest Rebel,0,1914,\N,\N,"Drama,War",,,the littlest rebel
tt0004249,movie,Lola,Lola,0,1914,\N,50,Drama,4.1,26.0,lola
tt0004253,movie,The Long Arm of the Law,The Long Arm of the Law,0,1914,\N,\N,Adventure,6.4,20.0,the long arm of the law
tt0004256,movie,The Loss of the Birkenhead,The Loss of the Birkenhead,0,1914,\N,\N,Drama,,,the loss of the birkenhead
tt0004257,movie,The Lost Paradise,The Lost Paradise,0,1914,\N,\N,Drama,5.9,23.0,the lost paradise
tt0004259,movie,Love,Love,0,1914,\N,\N,\N,,,love
tt0004267,movie,Love Never Dies,Love Never Dies,0,1916,\N,50,Drama,,,love never dies
tt0004270,movie,La lucha contra el destino,La lucha contra el destino,0,1914,\N,\N,\N,,,la lucha contra el destino
tt0004271,movie,Luchtkastelen,Luchtkastelen,0,1914,\N,60,Drama,,,luchtkastelen
tt0004272,movie,Lucille Love: The Girl of Mystery,Lucille Love: The Girl of Mystery,0,1914,\N,300,Action,6.8,30.0,lucille love the girl of mystery
tt0004275,movie,The Lure,The Lure,0,1914,\N,50,Drama,6.0,19.0,the lure
tt0004290,movie,La malquerida,La malquerida,0,1914,\N,\N,\N,,,la malquerida
tt0004291,movie,The Man Who Could Not Lose,The Man Who Could Not Lose,0,1914,\N,\N,Drama,6.3,20.0,the man who could not lose
tt0004292,movie,The Man Who Disappeared,The Man Who Disappeared,0,1914,\N,\N,Thriller,,,the man who disappeared
tt0004294,movie,The Man from Home,The Man from Home,0,1914,\N,\N,Drama,6.6,31.0,the man from home
tt0004295,movie,The Man from Mexico,The Man from Mexico,0,1914,\N,\N,Comedy,8.1,44.0,the man from mexico
tt0004299,movie,The Man o' War's Man,The Man o' War's Man,0,1914,\N,\N,Drama,,,the man o wars man
tt0004301,movie,Man of the Hour,Man of the Hour,0,1914,\N,50,Drama,,,man of the hour
tt0004302,movie,The Man on the Box,The Man on the Box,0,1914,\N,\N,"Comedy,Drama",,,the man on the box
tt0004303,movie,Manon Lescaut,Manon Lescaut,0,1914,\N,60,"Drama,Romance",4.8,23.0,manon lescaut
tt0004304,movie,The Marked Woman,The Marked Woman,0,1914,\N,50,Drama,,,the marked woman
tt0004306,movie,Marta of the Lowlands,Marta of the Lowlands,0,1914,\N,\N,Drama,7.8,19.0,marta of the lowlands
tt0004307,movie,Martin Eden,Martin Eden,0,1914,\N,50,Drama,5.5,33.0,martin eden
tt0004312,movie,The Master Cracksman,The Master Cracksman,0,1914,\N,72,"Crime,Drama",,,the master cracksman
tt0004313,movie,The Master Key,The Master Key,0,1914,\N,310,"Action,Adventure,Drama",5.8,30.0,the master key
tt0004314,movie,The Master Mind,The Master Mind,0,1914,\N,\N,"Crime,Drama",5.3,25.0,the master mind
tt0004319,movie,McVeagh of the South Seas,McVeagh of the South Seas,0,1914,\N,59,Drama,4.7,57.0,mcveagh of the south seas
tt0004321,movie,Memories,Memories,0,1914,\N,\N,"Drama,Romance",,,memories
tt0004325,movie,The Merchant of Venice,The Merchant of Venice,0,1914,\N,\N,Drama,5.9,41.0,the merchant of venice
tt0004328,movie,Michael Strogoff,Michael Strogoff,0,1914,\N,\N,Drama,5.4,51.0,michael strogoff
tt0004335,movie,A Million Bid,A Million Bid,0,1914,\N,50,"Drama,Romance",,,a million bid
tt0004336,movie,The Million Dollar Mystery,The Million Dollar Mystery,0,1914,\N,\N,"Adventure,Mystery,Romance",5.8,47.0,the million dollar mystery
tt0004337,movie,The Million Dollar Robbery,The Million Dollar Robbery,0,1914,\N,\N,Drama,8.0,17.0,the million dollar robbery
tt0004338,movie,The Million,The Million,0,1914,\N,\N,"Comedy,Drama",,,the million
tt0004341,movie,The Minstrel Man,The Minstrel Man,0,1914,\N,\N,\N,,,the minstrel man
tt0004345,movie,Misterio de dolor,Misterio de dolor,0,1914,\N,48,\N,4.3,17.0,misterio de dolor
tt0004347,movie,A Modern Mephisto,A Modern Mephisto,0,1914,\N,\N,\N,,,a modern mephisto
tt0004349,movie,The Money God,Der Excentric-Club,0,1914,\N,\N,Drama,,,the money god
tt0004350,movie,The Money Lender,The Money Lender,0,1914,\N,\N,Drama,,,the money lender
tt0004351,movie,The Monster and the Girl,The Monster and the Girl,0,1914,\N,\N,Drama,,,the monster and the girl
tt0004356,movie,Mother Love,Mother Love,0,1914,\N,\N,Drama,,,mother love
tt0004357,movie,A Mother's Heart,A Mother's Heart,0,1914,\N,48,Drama,,,a mothers heart
tt0004362,movie,Mr. Barnes of New York,Mr. Barnes of New York,0,1914,\N,60,Drama,,,mr barnes of new york
tt0004363,movie,Mrs. Black Is Back,Mrs. Black Is Back,0,1914,\N,\N,Comedy,7.1,22.0,mrs black is back
tt0004365,movie,Mrs. Wiggs of the Cabbage Patch,Mrs. Wiggs of the Cabbage Patch,0,1914,\N,50,Drama,,,mrs wiggs of the cabbage patch
tt0004366,movie,Los muertos hablan,Los muertos hablan,0,1915,\N,\N,Drama,,,los muertos hablan
tt0004368,movie,The Murdoch Trial,The Murdoch Trial,0,1914,\N,\N,"Crime,Drama",,,the murdoch trial
tt0004369,movie,My Official Wife,My Official Wife,0,1914,\N,50,Drama,6.0,41.0,my official wife
tt0004371,movie,The Mysterious Man of the Jungle,The Mysterious Man of the Jungle,0,1914,\N,\N,Adventure,6.7,21.0,the mysterious man of the jungle
tt0004373,movie,The Mysterious Mr. Wu Chung Foo,The Mysterious Mr. Wu Chung Foo,0,1914,\N,\N,Drama,,,the mysterious mr wu chung foo
tt0004376,movie,The Mystery of Edwin Drood,The Mystery of Edwin Drood,0,1914,\N,50,Mystery,,,the mystery of edwin drood
tt0004377,movie,Das Geheimnis von Chateau Richmond,Das Geheimnis von Chateau Richmond,0,1913,\N,\N,Mystery,,,das geheimnis von chateau richmond
tt0004378,movie,The Mystery of the Diamond Belt,The Mystery of the Diamond Belt,0,1914,\N,\N,"Crime,Drama",,,the mystery of the diamond belt
tt0004379,movie,The Mystery of the Fatal Pearl and the Sequel,Die unheilbringende Perle,0,1914,\N,\N,\N,,,the mystery of the fatal pearl and the sequel
tt0004381,movie,The Mystery of the Poison Pool,The Mystery of the Poison Pool,0,1914,\N,\N,Adventure,2.3,28.0,the mystery of the poison pool
tt0004384,movie,The Naked Truth,La donna nuda,0,1914,\N,60,Drama,4.4,30.0,the naked truth
tt0004387,movie,Down with Weapons,Ned med Vaabnene,0,1914,\N,73,"Drama,War",6.0,52.0,down with weapons
tt0004389,movie,Nell of the Circus,Nell of the Circus,0,1914,\N,\N,Drama,,,nell of the circus
tt0004390,movie,Mute Witnesses,Nemye svideteli,0,1914,\N,65,Drama,5.6,150.0,mute witnesses
tt0004391,movie,Neptune's Daughter,Neptune's Daughter,0,1914,\N,70,Fantasy,5.5,72.0,neptunes daughter
tt0004398,movie,The Next in Command,The Next in Command,0,1914,\N,\N,Adventure,1.3,27.0,the next in command
tt0004401,movie,The Night Riders of Petersham,The Night Riders of Petersham,0,1914,\N,\N,\N,,,the night riders of petersham
tt0004403,movie,The Nightingale,The Nightingale,0,1914,\N,\N,"Crime,Drama",6.7,30.0,the nightingale
tt0004404,movie,Nightmare,Nightmare,0,1914,\N,\N,\N,,,nightmare
tt0004406,movie,Noche de sangre,Noche de sangre,0,1914,\N,\N,\N,,,noche de sangre
tt0004407,movie,Tragic Night,Noche trágica,0,1914,\N,\N,\N,,,tragic night
tt0004409,movie,Northern Lights,Northern Lights,0,1914,\N,\N,Drama,,,northern lights
tt0004415,movie,An Odyssey of the North,An Odyssey of the North,0,1914,\N,\N,Adventure,5.5,25.0,an odyssey of the north
tt0004416,movie,Officer 666,Officer 666,0,1914,\N,\N,Comedy,,,officer 666
tt0004428,movie,On the Belgian Battlefield,On the Belgian Battlefield,0,1914,\N,\N,Documentary,,,on the belgian battlefield
tt0004431,movie,One Wonderful Night,One Wonderful Night,0,1914,\N,\N,"Crime,Drama",6.3,21.0,one wonderful night
tt0004433,movie,One of Our Girls,One of Our Girls,0,1914,\N,\N,Drama,,,one of our girls
tt0004434,movie,The Only Son,The Only Son,0,1914,\N,\N,Drama,5.3,27.0,the only son
tt0004435,movie,The Opened Shutters,The Opened Shutters,0,1914,\N,\N,Drama,,,the opened shutters
tt0004437,movie,The Ordeal,The Ordeal,0,1914,\N,\N,War,,,the ordeal
tt0004438,movie,Othello,Otello,0,1914,\N,\N,"Drama,Romance",5.8,18.0,othello
tt0004447,movie,Over Niagara Falls,Over Niagara Falls,0,1914,\N,\N,"Crime,Drama",3.2,18.0,over niagara falls
tt0004449,movie,Pagan Rome,Pagan Rome,0,1914,\N,\N,Documentary,,,pagan rome
tt0004450,movie,Die Pagode,Die Pagode,0,1917,\N,82,"Action,Crime,Drama",,,die pagode
tt0004451,movie,Paid in Full,Paid in Full,0,1914,\N,\N,Drama,,,paid in full
tt0004452,movie,The Painted World,The Painted World,0,1914,\N,50,Drama,,,the painted world
tt0004453,movie,"Palestine, the Jewish Return from Exile; or, Life in the Holy Land","Palestine, the Jewish Return from Exile; Or, Life in the Holy Land",0,1914,\N,\N,Documentary,,,palestine the jewish return from exile or life in the holy land
tt0004456,movie,Passionels Tagebuch,Passionels Tagebuch,0,1916,\N,\N,\N,,,passionels tagebuch
tt0004457,movie,The Patchwork Girl of Oz,The Patchwork Girl of Oz,0,1914,\N,81,"Adventure,Comedy,Family",5.4,630.0,the patchwork girl of oz
tt0004458,movie,The Path Forbidden,The Path Forbidden,0,1914,\N,\N,Drama,,,the path forbidden
tt0004459,movie,The Pawn of Fortune,The Pawn of Fortune,0,1914,\N,\N,Drama,,,the pawn of fortune
tt0004465,movie,The Perils of Pauline,The Perils of Pauline,0,1914,\N,199,"Action,Adventure,Drama",6.3,1120.0,the perils of pauline
tt0004469,movie,Pieces of Silver: A Story of Hearts and Souls,Pieces of Silver: A Story of Hearts and Souls,0,1914,\N,\N,Drama,,,pieces of silver a story of hearts and souls
tt0004470,movie,Pierre of the Plains,Pierre of the Plains,0,1914,\N,\N,Drama,,,pierre of the plains
tt0004473,movie,The Pit,The Pit,0,1914,\N,50,Drama,5.0,18.0,the pit
tt0004476,movie,The Poison Needle,The Poison Needle,0,1914,\N,\N,Drama,,,the poison needle
tt0004481,movie,El pollo Tejada,El pollo Tejada,0,1914,\N,\N,\N,,,el pollo tejada
tt0004483,movie,The Port of Missing Men,The Port of Missing Men,0,1914,\N,139,Drama,,,the port of missing men
tt0004486,movie,Presentencompanigraf,Presentencompanigraf,0,1914,\N,\N,\N,,,presentencompanigraf
tt0004488,movie,The Price He Paid,The Price He Paid,0,1914,\N,\N,\N,,,the price he paid
tt0004490,movie,"Price of Treachery; Or, The Lighthouse Keeper's Daughter","Price of Treachery; Or, The Lighthouse Keeper's Daughter",0,1914,\N,\N,Drama,,,price of treachery or the lighthouse keepers daughter
tt0004493,movie,The Pride of Jennico,The Pride of Jennico,0,1914,\N,\N,Drama,,,the pride of jennico
tt0004495,movie,Prince Edward Island in Motion; Home of the Silver Black Fox Industry,Prince Edward Island in Motion; Home of the Silver Black Fox Industry,0,1914,\N,\N,Documentary,,,prince edward island in motion home of the silver black fox industry
tt0004496,movie,A Prince of India,A Prince of India,0,1914,\N,\N,Drama,7.0,20.0,a prince of india
tt0004500,movie,Protect Us,Protect Us,0,1914,\N,\N,Drama,,,protect us
tt0004501,movie,Prueba trágica,Prueba trágica,0,1914,\N,\N,\N,,,prueba trágica
tt0004502,movie,Saints and Sorrows,Prästen,0,1914,\N,99,Drama,,,saints and sorrows
tt0004504,movie,The Pursuit of the Phantom,The Pursuit of the Phantom,0,1914,\N,50,Drama,,,the pursuit of the phantom
tt0004509,movie,The Ragged Earl,The Ragged Earl,0,1914,\N,\N,"Comedy,Drama",3.2,22.0,the ragged earl
tt0004510,movie,Rainey's African Hunt,Rainey's African Hunt,0,1914,\N,\N,Documentary,,,raineys african hunt
tt0004514,movie,Ready Money,Ready Money,0,1914,\N,\N,"Comedy,Crime,Drama",,,ready money
tt0004519,movie,The Red Flame of Passion,The Red Flame of Passion,0,1914,\N,\N,Drama,,,the red flame of passion
tt0004523,movie,El regalo de bodas,El regalo de bodas,0,1914,\N,\N,\N,,,el regalo de bodas
tt0004525,movie,The Reign of Terror,Le chevalier de Maison-Rouge,0,1914,\N,109,"Drama,History",5.8,74.0,the reign of terror
tt0004528,movie,Rescue of the Stefansson Arctic Expedition,Rescue of the Stefansson Arctic Expedition,0,1914,\N,\N,Documentary,,,rescue of the stefansson arctic expedition
tt0004532,movie,Richelieu,Richelieu,0,1914,\N,\N,"Drama,History,Romance",4.6,24.0,richelieu
tt0004535,movie,The Ring and the Man,The Ring and the Man,0,1914,\N,\N,Drama,,,the ring and the man
tt0004537,movie,Rip Van Winkle,Rip Van Winkle,0,1914,\N,\N,"Drama,Fantasy",5.8,46.0,rip van winkle
tt0004542,movie,A Romance of the Mexican Revolution,A Romance of the Mexican Revolution,0,1914,\N,\N,Drama,,,a romance of the mexican revolution
tt0004543,movie,Rosalinda,Rosalinda,0,1914,\N,\N,\N,,,rosalinda
tt0004544,movie,Rose of the Alley,Rose of the Alley,0,1916,\N,50,"Crime,Drama",,,rose of the alley
tt0004545,movie,Rose of the Rancho,Rose of the Rancho,0,1914,\N,50,"Action,Adventure,Drama",3.0,54.0,rose of the rancho
tt0004548,movie,The Royal Box,The Royal Box,0,1914,\N,\N,Drama,,,the royal box
tt0004555,movie,Salomy Jane,Salomy Jane,0,1914,\N,85,"Crime,Drama,Western",5.8,90.0,salomy jane
tt0004558,movie,Samson,Samson,0,1914,\N,60,Drama,6.3,36.0,samson
tt0004563,movie,The Scales of Justice,The Scales of Justice,0,1914,\N,\N,Drama,,,the scales of justice
tt0004565,movie,The School for Scandal,The School for Scandal,0,1914,\N,\N,Comedy,,,the school for scandal
tt0004567,movie,The Seats of the Mighty,The Seats of the Mighty,0,1914,\N,70,Drama,,,the seats of the mighty
tt0004570,movie,The Secret of the Mountain,The Secret of the Mountain,0,1915,\N,\N,Drama,,,the secret of the mountain
tt0004571,movie,La secta de los misteriosos,La secta de los misteriosos,0,1916,\N,67,"Crime,Drama,Mystery",5.7,36.0,la secta de los misteriosos
tt0004572,movie,El sello de oro,El sello de oro,0,1914,\N,\N,\N,,,el sello de oro
tt0004573,movie,Sein eigner Mörder,Sein eigner Mörder,0,1914,\N,50,Horror,5.6,21.0,sein eigner mörder
tt0004581,movie,Shannon of the Sixth,Shannon of the Sixth,0,1914,\N,\N,"Drama,War",,,shannon of the sixth
tt0004586,movie,Shore Acres,Shore Acres,0,1914,\N,50,Drama,,,shore acres
tt0004591,movie,Should a Woman Divorce?,Should a Woman Divorce?,0,1914,\N,\N,Drama,,,should a woman divorce
tt0004593,movie,The Sign of the Cross,The Sign of the Cross,0,1914,\N,70,Drama,5.9,82.0,the sign of the cross
tt0004594,movie,El signo de la tribu,El signo de la tribu,0,1914,\N,219,\N,,,el signo de la tribu
tt0004595,movie,The Silence of Dean Maitland,The Silence of Dean Maitland,0,1914,\N,\N,Drama,,,the silence of dean maitland
tt0004598,movie,Sins of the Parents,Sins of the Parents,0,1914,\N,\N,Drama,,,sins of the parents
tt0004603,movie,Skottet,Skottet,0,1914,\N,48,\N,,,skottet
tt0004606,movie,Smashing the Vice Trust,Smashing the Vice Trust,0,1914,\N,\N,"Crime,Drama",,,smashing the vice trust
tt0004613,movie,Soldiers of Fortune,Soldiers of Fortune,0,1914,\N,60,Drama,6.6,17.0,soldiers of fortune
tt0004615,movie,Un solo corazón o Los muertos viven,Un solo corazón o Los muertos viven,0,1914,\N,\N,\N,,,un solo corazón o los muertos viven
tt0004622,movie,The Span of Life,The Span of Life,0,1914,\N,\N,Drama,,,the span of life
tt0004626,movie,The Spirit of the Conqueror,The Spirit of the Conqueror,0,1914,\N,\N,Drama,,,the spirit of the conqueror
tt0004627,movie,The Spirit of the Poppy,The Spirit of the Poppy,0,1914,\N,\N,Drama,,,the spirit of the poppy
tt0004628,movie,The Spitfire,The Spitfire,0,1914,\N,\N,"Comedy,Drama",,,the spitfire
tt0004630,movie,The Spoilers,The Spoilers,0,1914,\N,110,"Drama,Western",5.7,130.0,the spoilers
tt0004631,movie,Sport and Travel in Central Africa,Sport and Travel in Central Africa,0,1914,\N,\N,"Adventure,Documentary",,,sport and travel in central africa
tt0004632,movie,Springtime,Springtime,0,1914,\N,50,Drama,,,springtime
tt0004633,movie,The Spy,The Spy,0,1914,\N,\N,"Drama,War",7.7,20.0,the spy
tt0004635,movie,The Squaw Man,The Squaw Man,0,1914,\N,74,"Action,Drama,Romance",5.7,1147.0,the squaw man
tt0004636,movie,St. Elmo,St. Elmo,0,1914,\N,\N,Drama,,,st elmo
tt0004639,movie,Stormfågeln,Stormfågeln,0,1914,\N,64,Drama,,,stormfågeln
tt0004642,movie,The Straight Road,The Straight Road,0,1914,\N,\N,"Drama,Romance",,,the straight road
tt0004647,movie,Stuart Webbs: Das Panzergewölbe,Stuart Webbs: Das Panzergewölbe,0,1914,\N,60,"Action,Crime",,,stuart webbs das panzergewölbe
tt0004649,movie,Trapped by the Camera,Stuart Webbs: Der Spuk im Haus des Professors,0,1914,\N,58,Mystery,,,trapped by the camera
tt0004651,movie,A Study in Scarlet,A Study in Scarlet,0,1914,\N,\N,"Drama,Mystery",6.7,28.0,a study in scarlet
tt0004653,movie,Su mismo juez,Su mismo juez,0,1914,\N,\N,\N,,,su mismo juez
tt0004654,movie,Such a Little Queen,Such a Little Queen,0,1914,\N,\N,"Comedy,Drama,Romance",,,such a little queen
tt0004660,movie,A Suspicious Wife,A Suspicious Wife,0,1914,\N,\N,Drama,,,a suspicious wife
tt0004661,movie,The Swagman's Story,The Swagman's Story,0,1914,\N,\N,\N,,,the swagmans story
tt0004665,movie,The Taint,The Taint,0,1914,\N,\N,Drama,,,the taint
tt0004667,movie,Taking His Chance,Taking His Chance,0,1914,\N,\N,\N,,,taking his chance
tt0004668,movie,The Tangle,The Tangle,0,1914,\N,\N,"Drama,War",,,the tangle
tt0004677,movie,The Temptations of Satan,The Temptations of Satan,0,1914,\N,\N,\N,,,the temptations of satan
tt0004681,movie,Tess of the Storm Country,Tess of the Storm Country,0,1914,\N,80,Drama,5.9,310.0,tess of the storm country
tt0004684,movie,Thais,Thais,0,1914,\N,\N,Drama,,,thais
tt0004688,movie,The Thief,The Thief,0,1914,\N,50,Drama,,,the thief
tt0004695,movie,Threads of Destiny,Threads of Destiny,0,1914,\N,\N,Drama,,,threads of destiny
tt0004696,movie,The Three Musketeers,The Three Musketeers,0,1914,\N,\N,Drama,5.4,24.0,the three musketeers
tt0004698,movie,Three Weeks,Three Weeks,0,1914,\N,\N,Drama,,,three weeks
tt0004699,movie,The Three of Us,The Three of Us,0,1914,\N,\N,Drama,,,the three of us
tt0004700,movie,Through Dante's Flames,Through Dante's Flames,0,1914,\N,\N,Drama,,,through dantes flames
tt0004701,movie,Through Fire to Fortune,Through Fire to Fortune,0,1914,\N,\N,Drama,,,through fire to fortune
tt0004704,movie,La tierra de los naranjos,La tierra de los naranjos,0,1914,\N,\N,\N,,,la tierra de los naranjos
tt0004706,movie,The Tigress,The Tigress,0,1914,\N,\N,Drama,,,the tigress
tt0004707,movie,Tillie's Punctured Romance,Tillie's Punctured Romance,0,1914,\N,82,Comedy,6.2,3900.0,tillies punctured romance
tt0004708,movie,Tirol in Waffen,Tirol in Waffen,0,1914,\N,\N,"Drama,War",7.2,12.0,tirol in waffen
tt0004710,movie,The Toll of Love,The Toll of Love,0,1914,\N,\N,Drama,,,the toll of love
tt0004711,movie,The Toll of Mammon,The Toll of Mammon,0,1914,\N,\N,Drama,,,the toll of mammon
tt0004712,movie,The Undesirable,A tolonc,0,1915,\N,67,Drama,6.2,273.0,the undesirable
tt0004714,movie,Too Late,Too Late,0,1914,\N,\N,Drama,,,too late
tt0004720,movie,La tragedia del destino,La tragedia del destino,0,1914,\N,\N,\N,,,la tragedia del destino
tt0004723,movie,The Trail of the Lonesome Pine,The Trail of the Lonesome Pine,0,1914,\N,\N,Drama,,,the trail of the lonesome pine
tt0004725,movie,Trapped in the Great Metropolis,Trapped in the Great Metropolis,0,1914,\N,\N,Drama,,,trapped in the great metropolis
tt0004727,movie,The Trey o' Hearts,The Trey o' Hearts,0,1914,\N,310,Adventure,2.1,28.0,the trey o hearts
tt0004728,movie,Trilby,Trilby,0,1914,\N,45,Drama,4.2,42.0,trilby
tt0004731,movie,Trooper Campbell,Trooper Campbell,0,1914,\N,\N,\N,6.2,8.0,trooper campbell
tt0004733,movie,Il trovatore,Il trovatore,0,1914,\N,\N,Drama,,,il trovatore
tt0004734,movie,The Truth Wagon,The Truth Wagon,0,1914,\N,\N,Drama,,,the truth wagon
tt0004740,movie,The Typhoon,The Typhoon,0,1914,\N,\N,Drama,5.2,37.0,the typhoon
tt0004743,movie,Uncle Tom's Cabin,Uncle Tom's Cabin,0,1914,\N,54,Drama,5.6,219.0,uncle toms cabin
tt0004748,movie,Under the Black Robe,Under the Black Robe,0,1914,\N,\N,Drama,,,under the black robe
tt0004749,movie,Under the Gaslight,Under the Gaslight,0,1914,\N,\N,Drama,,,under the gaslight
tt0004754,movie,The Unwelcome Mrs. Hatch,The Unwelcome Mrs. Hatch,0,1914,\N,\N,Drama,,,the unwelcome mrs hatch
tt0004755,movie,Uriel Acosta,Uriel Acosta,0,1914,\N,50,"Biography,Drama,History",,,uriel acosta
tt0004757,movie,The Valley of the Moon,The Valley of the Moon,0,1914,\N,\N,Drama,6.6,27.0,the valley of the moon
tt0004761,movie,Vendetta,Vendetta,0,1914,\N,\N,Drama,,,vendetta
tt0004765,movie,The Virgin of the Rocks,The Virgin of the Rocks,0,1914,\N,\N,Drama,,,the virgin of the rocks
tt0004766,movie,The Virginian,The Virginian,0,1914,\N,55,"Drama,Western",5.6,292.0,the virginian
tt0004769,movie,The Voice at the Telephone,The Voice at the Telephone,0,1914,\N,\N,Drama,,,the voice at the telephone
tt0004771,movie,Volga i Sibir,Volga i Sibir,0,1914,\N,\N,\N,,,volga i sibir
tt0004772,movie,The Volunteer Parson,The Volunteer Parson,0,1914,\N,\N,Drama,,,the volunteer parson
tt0004773,movie,The Vulture of Gold,The Vulture of Gold,0,1914,\N,\N,\N,,,the vulture of gold
tt0004776,movie,The Walls of Jericho,The Walls of Jericho,0,1914,\N,50,Drama,,,the walls of jericho
tt0004777,movie,The War Extra,The War Extra,0,1914,\N,\N,"Drama,History,War",,,the war extra
tt0004778,movie,"The War of Wars; or, the Franco-German Invasion","The War of Wars; Or, The Franco-German Invasion",0,1914,\N,\N,War,,,the war of wars or the francogerman invasion
tt0004779,movie,The War of the World,The War of the World,0,1914,\N,\N,Documentary,7.0,14.0,the war of the world
tt0004786,movie,Weergevonden,Weergevonden,0,1914,\N,45,Drama,5.8,18.0,weergevonden
tt0004789,movie,What Is to Be Done?,What Is to Be Done?,0,1914,\N,\N,Drama,,,what is to be done
tt0004792,movie,What's His Name,What's His Name,0,1914,\N,50,"Comedy,Drama",6.6,33.0,whats his name
tt0004794,movie,When Broadway Was a Trail,When Broadway Was a Trail,0,1914,\N,50,"Drama,History",,,when broadway was a trail
tt0004797,movie,When Fate Leads Trump,When Fate Leads Trump,0,1914,\N,\N,Drama,,,when fate leads trump
tt0004798,movie,When Rome Ruled,When Rome Ruled,0,1914,\N,50,Drama,,,when rome ruled
tt0004803,movie,Where the Trail Divides,Where the Trail Divides,0,1914,\N,\N,"Drama,Western",,,where the trail divides
tt0004816,movie,Wildflower,Wildflower,0,1914,\N,\N,"Drama,Romance",6.2,22.0,wildflower
tt0004819,movie,The Win(k)some Widow,The Win(k)some Widow,0,1914,\N,\N,Comedy,,,the winksome widow
tt0004824,movie,Winning His First Case,Winning His First Case,0,1914,\N,\N,Drama,,,winning his first case
tt0004825,movie,The Wishing Ring: An Idyll of Old England,The Wishing Ring: An Idyll of Old England,0,1914,\N,54,"Comedy,Drama,Romance",6.4,389.0,the wishing ring an idyll of old england
tt0004827,movie,With Serb and Austrian,With Serb and Austrian,0,1914,\N,\N,Drama,,,with serb and austrian
tt0004828,movie,Without Hope,Without Hope,0,1914,\N,\N,Comedy,,,without hope
tt0004829,movie,The Wolf,The Wolf,0,1914,\N,\N,Drama,4.7,17.0,the wolf
tt0004830,movie,"Wolfe; or, the Conquest of Quebec","Wolfe; Or, The Conquest of Quebec",0,1914,\N,\N,"Drama,History",,,wolfe or the conquest of quebec
tt0004831,movie,A Woman Who Did,A Woman Who Did,0,1914,\N,\N,Drama,,,a woman who did
tt0004832,movie,The Woman in Black,The Woman in Black,0,1914,\N,55,"Drama,Romance",5.4,65.0,the woman in black
tt0004833,movie,The Woman of Mystery,The Woman of Mystery,0,1914,\N,\N,Mystery,6.3,19.0,the woman of mystery
tt0004834,movie,A Woman's Triumph,A Woman's Triumph,0,1914,\N,\N,Drama,,,a womans triumph
tt0004837,movie,"The World, the Flesh and the Devil","The World, the Flesh and the Devil",0,1914,\N,50,"Crime,Drama",6.4,34.0,the world the flesh and the devil
tt0004838,movie,The Wrath of the Gods,The Wrath of the Gods,0,1914,\N,56,"Drama,Romance",5.8,225.0,the wrath of the gods
tt0004840,movie,The Yellow Traffic,The Yellow Traffic,0,1914,\N,\N,Drama,,,the yellow traffic
tt0004842,movie,Your Girl and Mine: A Woman Suffrage Play,Your Girl and Mine: A Woman Suffrage Play,0,1914,\N,70,Drama,5.8,19.0,your girl and mine a woman suffrage play
tt0004845,movie,Zona olivarera,Zona olivarera,0,1914,\N,\N,Documentary,,,zona olivarera
tt0004846,movie,Zudora,Zudora,0,1914,\N,\N,"Adventure,Mystery",5.0,41.0,zudora
tt0004847,movie,Prisoner of the Night,Az éjszaka rabja,0,1914,\N,45,\N,4.1,35.0,prisoner of the night
tt0004848,movie,La última danza,La última danza,0,1915,\N,\N,\N,,,la última danza
tt0004851,movie,'Twas Ever Thus,'Twas Ever Thus,0,1915,\N,\N,"Drama,War",,,twas ever thus
tt0004852,movie,"10,000 Dollars","10,000 Dollars",0,1915,\N,\N,\N,,,10000 dollars
tt0004853,movie,1915 World's Championship Series,1915 World's Championship Series,0,1915,\N,\N,"Documentary,Sport",7.3,24.0,1915 worlds championship series
tt0004854,movie,The Absentee,The Absentee,0,1915,\N,60,"Drama,Romance",6.2,21.0,the absentee
tt0004859,movie,The Adventures of a Boy Scout,The Adventures of a Boy Scout,0,1915,\N,\N,Drama,,,the adventures of a boy scout
tt0004860,movie,The Adventures of a Madcap,The Adventures of a Madcap,0,1915,\N,\N,"Comedy,Drama",,,the adventures of a madcap
tt0004861,movie,An Affair of Three Nations,An Affair of Three Nations,0,1915,\N,\N,Mystery,,,an affair of three nations
tt0004865,movie,After Dark,After Dark,0,1915,\N,50,"Crime,Drama",,,after dark
tt0004866,movie,After Five,After Five,0,1915,\N,50,"Comedy,Crime,Thriller",4.8,30.0,after five
tt0004868,movie,Ágyú és harang,Ágyú és harang,0,1915,\N,\N,\N,,,ágyú és harang
tt0004869,movie,One Who Is Loved by Two,Akit ketten szeretnek,0,1915,\N,\N,\N,4.2,36.0,one who is loved by two
tt0004872,movie,Alias Jimmy Valentine,Alias Jimmy Valentine,0,1915,\N,65,"Crime,Drama",6.5,313.0,alias jimmy valentine
tt0004873,movie,Alice in Wonderland,Alice in Wonderland,0,1915,\N,52,"Adventure,Family,Fantasy",6.1,961.0,alice in wonderland
tt0004874,movie,The Alien,The Alien,0,1915,\N,\N,Drama,5.6,18.0,the alien
tt0004883,movie,Aloha Oe,Aloha Oe,0,1915,\N,50,Drama,4.2,18.0,aloha oe
tt0004884,movie,The Alster Case,The Alster Case,0,1915,\N,50,Mystery,,,the alster case
tt0004885,movie,Always in the Way,Always in the Way,0,1915,\N,50,Drama,4.5,18.0,always in the way
tt0004890,movie,American Game Trails,American Game Trails,0,1915,\N,\N,Documentary,,,american game trails
tt0004891,movie,An American Gentleman,An American Gentleman,0,1915,\N,\N,Adventure,6.0,20.0,an american gentleman
tt0004892,movie,El amor hace justicia,El amor hace justicia,0,1915,\N,\N,\N,,,el amor hace justicia
tt0004897,movie,Anna Karenina,Anna Karenina,0,1915,\N,50,"Drama,Romance",4.0,29.0,anna karenina
tt0004901,movie,The Greater Will,The Greater Will,0,1915,\N,50,Drama,,,the greater will
tt0004902,movie,The Apaches of Paris,The Apaches of Paris,0,1915,\N,\N,Drama,,,the apaches of paris
tt0004905,movie,The Arab,The Arab,0,1915,\N,50,"Adventure,Drama",5.2,58.0,the arab
tt0004906,movie,Are They Born or Made?,Are They Born or Made?,0,1915,\N,\N,"Crime,Drama",,,are they born or made
tt0004907,movie,Are You a Mason?,Are You a Mason?,0,1915,\N,\N,Comedy,6.9,43.0,are you a mason
tt0004909,movie,Armstrong's Wife,Armstrong's Wife,0,1915,\N,50,Drama,,,armstrongs wife
tt0004911,movie,The Arrival of Perpetua,The Arrival of Perpetua,0,1915,\N,50,Comedy,4.7,18.0,the arrival of perpetua
tt0004915,movie,As Ye Repent,As Ye Repent,0,1915,\N,\N,Drama,,,as ye repent
tt0004917,movie,The Ashes of Revenge,The Ashes of Revenge,0,1915,\N,\N,Drama,,,the ashes of revenge
tt0004919,movie,At Bay,At Bay,0,1915,\N,50,Drama,,,at bay
tt0004921,movie,At the Torrent's Mercy,At the Torrent's Mercy,0,1915,\N,\N,Drama,,,at the torrents mercy
tt0004925,movie,Aurora Leigh,Aurora Leigh,0,1915,\N,\N,Drama,,,aurora leigh
tt0004926,movie,Authentic European War,Authentic European War,0,1915,\N,\N,Documentary,,,authentic european war
tt0004928,movie,The Avalanche,The Avalanche,0,1915,\N,\N,Drama,,,the avalanche
tt0004933,movie,The Bachelor's Romance,The Bachelor's Romance,0,1915,\N,\N,"Comedy,Drama,Romance",,,the bachelors romance
tt0004937,movie,Barbara Frietchie,Barbara Frietchie,0,1915,\N,50,Drama,6.8,19.0,barbara frietchie
tt0004938,movie,Barnaby Rudge,Barnaby Rudge,0,1915,\N,\N,Drama,4.4,15.0,barnaby rudge
tt0004939,movie,The Barnstormers,The Barnstormers,0,1915,\N,\N,"Comedy,Drama",7.6,16.0,the barnstormers
tt0004942,movie,The Battle Cry of Peace,The Battle Cry of Peace,0,1915,\N,90,Drama,4.9,25.0,the battle cry of peace
tt0004943,movie,The Battle and Fall of Przemysl,The Battle and Fall of Przemysl,0,1915,\N,\N,Documentary,,,the battle and fall of przemysl
tt0004945,movie,The Battle of Ballots,The Battle of Ballots,0,1915,\N,\N,Drama,,,the battle of ballots
tt0004947,movie,The Battles of a Nation,The Battles of a Nation,0,1915,\N,\N,Documentary,,,the battles of a nation
tt0004950,movie,The Beachcomber,The Beachcomber,0,1915,\N,\N,Drama,,,the beachcomber
tt0004954,movie,Beby y su circo,Beby y su circo,0,1915,\N,\N,Comedy,,,beby y su circo
tt0004956,movie,Bella Donna,Bella Donna,0,1915,\N,\N,Drama,,,bella donna
tt0004957,movie,The Beloved Vagabond,The Beloved Vagabond,0,1915,\N,\N,Drama,,,the beloved vagabond
tt0004960,movie,The Better Woman,The Better Woman,0,1915,\N,\N,Drama,,,the better woman
tt0004961,movie,Betty in Search of a Thrill,Betty in Search of a Thrill,0,1915,\N,\N,"Adventure,Comedy,Drama",6.5,30.0,betty in search of a thrill
tt0004962,movie,Between Men,Between Men,0,1915,\N,50,Drama,7.2,15.0,between men
tt0004963,movie,Beulah,Beulah,0,1915,\N,\N,Drama,,,beulah
tt0004965,movie,The Bigger Man,The Bigger Man,0,1915,\N,50,Drama,,,the bigger man
tt0004967,movie,The Billionaire Lord,The Billionaire Lord,0,1915,\N,\N,"Comedy,Drama",,,the billionaire lord
tt0004972,movie,The Birth of a Nation,The Birth of a Nation,0,1915,\N,195,"Drama,War",6.1,28188.0,the birth of a nation
tt0004973,movie,The Birthmark,The Birthmark,0,1915,\N,\N,Drama,,,the birthmark
tt0004974,movie,The Black Box,The Black Box,0,1915,\N,195,"Drama,Sci-Fi",4.6,34.0,the black box
tt0004975,movie,Black Fear,Black Fear,0,1915,\N,50,Drama,,,black fear
tt0004976,movie,The Black Heart,The Black Heart,0,1915,\N,\N,Drama,,,the black heart
tt0004977,movie,A Black Sheep,A Black Sheep,0,1915,\N,\N,Comedy,,,a black sheep
tt0004978,movie,Blackbirds,Blackbirds,0,1915,\N,50,Drama,,,blackbirds
tt0004979,movie,Blind Man's Bluff,Blindekuh,0,1915,\N,\N,Comedy,4.6,21.0,blind mans bluff
tt0004980,movie,Blindness of Devotion,Blindness of Devotion,0,1915,\N,50,Drama,,,blindness of devotion
tt0004981,movie,The Blindness of Virtue,The Blindness of Virtue,0,1915,\N,\N,Drama,,,the blindness of virtue
tt0004982,movie,The Bludgeon,The Bludgeon,0,1915,\N,50,Drama,,,the bludgeon
tt0004983,movie,Blue Grass,Blue Grass,0,1915,\N,50,Drama,,,blue grass
tt0004988,movie,Body and Soul,Body and Soul,0,1915,\N,50,Drama,,,body and soul
tt0004990,movie,Bondwomen,Bondwomen,0,1915,\N,50,Drama,,,bondwomen
tt0004992,movie,The Boss,The Boss,0,1915,\N,50,Drama,,,the boss
tt0004993,movie,Bought,Bought,0,1915,\N,\N,Drama,,,bought
tt0004996,movie,A Branded Soul,A Branded Soul,0,1917,\N,50,"Drama,Romance",,,a branded soul
tt0005001,movie,The Bridge of Sighs,The Bridge of Sighs,0,1915,\N,\N,Drama,,,the bridge of sighs
tt0005002,movie,The Brink,The Brink,0,1915,\N,\N,"Crime,Drama",,,the brink
tt0005003,movie,Britain Prepared,Britain Prepared,0,1915,\N,\N,War,5.6,19.0,britain prepared
tt0005005,movie,The Broken Coin,The Broken Coin,0,1915,\N,440,"Adventure,Mystery",6.4,35.0,the broken coin
tt0005006,movie,The Broken Law,The Broken Law,0,1915,\N,50,Drama,,,the broken law
tt0005032,movie,Buckshot John,Buckshot John,0,1915,\N,50,"Drama,Western",,,buckshot john
tt0005034,movie,The Builder of Bridges,The Builder of Bridges,0,1915,\N,50,Drama,6.6,24.0,the builder of bridges
tt0005035,movie,The Bulldogs of the Trail,The Bulldogs of the Trail,0,1915,\N,\N,Drama,,,the bulldogs of the trail
tt0005036,movie,A Bunch of Keys,A Bunch of Keys,0,1915,\N,\N,Comedy,,,a bunch of keys
tt0005039,movie,Business Is Business,Business Is Business,0,1915,\N,60,Drama,,,business is business
tt0005040,movie,Butter,Butter,0,1916,\N,\N,\N,6.6,13.0,butter
tt0005041,movie,A Butterfly on the Wheel,A Butterfly on the Wheel,0,1915,\N,50,Drama,6.6,71.0,a butterfly on the wheel
tt0005042,movie,The Butterfly,The Butterfly,0,1915,\N,50,Drama,,,the butterfly
tt0005043,movie,The Buzzard's Shadow,The Buzzard's Shadow,0,1915,\N,\N,Drama,,,the buzzards shadow
tt0005045,movie,Los cabellos blancos,Los cabellos blancos,0,1915,\N,\N,\N,,,los cabellos blancos
tt0005048,movie,The Call of the Dance,The Call of the Dance,0,1915,\N,\N,Drama,,,the call of the dance
tt0005049,movie,Camille,Camille,0,1915,\N,50,Drama,6.6,25.0,camille
tt0005054,movie,Cap'n Eri,Cap'n Eri,0,1915,\N,\N,Drama,7.9,32.0,capn eri
tt0005055,movie,The Caprices of Kitty,The Caprices of Kitty,0,1915,\N,50,Comedy,,,the caprices of kitty
tt0005056,movie,Captain Courtesy,Captain Courtesy,0,1915,\N,50,"Action,Drama,History",5.2,23.0,captain courtesy
tt0005058,movie,Captivating Mary Carstairs,Captivating Mary Carstairs,0,1915,\N,55,"Comedy,Romance",,,captivating mary carstairs
tt0005059,movie,The Captive,The Captive,0,1915,\N,50,"Drama,Romance,War",6.5,194.0,the captive
tt0005060,movie,Carmen,Carmen,0,1915,\N,59,"Drama,Musical",6.3,1178.0,carmen
tt0005061,movie,Carmen,Carmen,0,1915,\N,60,Drama,4.4,55.0,carmen
tt0005062,movie,The Carpet from Bagdad,The Carpet from Bagdad,0,1915,\N,\N,Adventure,4.7,26.0,the carpet from bagdad
tt0005063,movie,The Case of Becky,The Case of Becky,0,1915,\N,75,Drama,,,the case of becky
